{
  "rank_with_ties": {
    "data": [
      3,
      1,
      4,
      1,
      5
    ],
    "ranks": [
      3.0,
      1.5,
      4.0,
      1.5,
      5.0
    ]
  },
  "rank_no_ties": {
    "data": [
      10,
      30,
      20
    ],
    "ranks": [
      1.0,
      3.0,
      2.0
    ]
  },
  "rank_all_ties": {
    "data": [
      5,
      5,
      5,
      5
    ],
    "ranks": [
      2.5,
      2.5,
      2.5,
      2.5
    ]
  },
  "spearman_perfect_pos": {
    "x": [
      1,
      2,
      3,
      4,
      5
    ],
    "y": [
      10,
      20,
      30,
      40,
      50
    ],
    "rho": 0.9999999999999999,
    "p_value": 1.4042654220543608e-24
  },
  "spearman_perfect_neg": {
    "rho": -0.9999999999999999
  },
  "spearman_swapped_pairs": {
    "x": [
      1,
      2,
      3,
      4,
      5,
      6,
      7,
      8
    ],
    "y": [
      2,
      1,
      4,
      3,
      6,
      5,
      8,
      7
    ],
    "rho": 0.9047619047619048,
    "p_value": 0.002008275505429469
  },
  "kendall_known": {
    "x": [
      1,
      2,
      3,
      4
    ],
    "y": [
      1,
      3,
      2,
      4
    ],
    "tau": 0.6666666666666669,
    "p_value": 0.3333333333333333
  },
  "kendall_swapped_pairs": {
    "x": [
      1,
      2,
      3,
      4,
      5,
      6,
      7,
      8
    ],
    "y": [
      2,
      1,
      4,
      3,
      6,
      5,
      8,
      7
    ],
    "tau": 0.7142857142857142,
    "p_value": 0.014136904761904762
  },
  "mann_whitney_separated": {
    "x": [
      1,
      2,
      3
    ],
    "y": [
      4,
      5,
      6
    ],
    "U": 0.0,
    "p_value": 0.1
  },
  "mann_whitney_interleaved": {
    "x": [
      1,
      3,
      5,
      7
    ],
    "y": [
      2,
      4,
      6,
      8
    ],
    "U": 6.0,
    "p_value": 0.6857142857142857
  },
  "wilcoxon_all_positive": {
    "differences": [
      1,
      2,
      3,
      4,
      5
    ],
    "W": 0.0,
    "p_value": 0.0625
  },
  "kruskal_wallis_separated": {
    "groups": [
      [
        1,
        2,
        3
      ],
      [
        10,
        11,
        12
      ],
      [
        20,
        21,
        22
      ]
    ],
    "H": 7.200000000000003,
    "p_value": 0.02732372244729252
  },
  "kruskal_wallis_identical": {
    "H": 0.0,
    "p_value": 1.0
  },
  "ks_completely_separated": {
    "D": 1.0,
    "p_value": 0.007936507936507936
  },
  "ks_identical_samples": {
    "D": 0.0,
    "p_value": 1.0
  },
  "ks_shifted_normal": {
    "D": 0.4,
    "p_value": 0.0005822568814776493,
    "x_mean": -0.22547390525614014,
    "y_mean": 0.5177808704679524,
    "n_x": 50,
    "n_y": 50
  }
}