{
  "normal_0_1": {
    "mean": 0.0,
    "var": 1.0,
    "std": 1.0,
    "quantiles": {
      "0.01": -2.3263478740408408,
      "0.05": -1.6448536269514729,
      "0.25": -0.6744897501960817,
      "0.50": 0.0,
      "0.75": 0.6744897501960817,
      "0.95": 1.6448536269514722,
      "0.99": 2.3263478740408408
    },
    "cdf_at": {
      "0.0": 0.5,
      "1.0": 0.8413447460685429,
      "-1.0": 0.15865525393145707,
      "1.96": 0.9750021048517795,
      "-1.96": 0.024997895148220435
    }
  },
  "normal_5_2": {
    "mean": 5.0,
    "var": 4.0,
    "quantiles": {
      "0.50": 5.0,
      "0.95": 8.289707253902945
    }
  },
  "exponential_lambda2": {
    "mean": 0.5,
    "var": 0.25,
    "quantiles": {
      "0.50": 0.34657359027997264,
      "0.90": 1.151292546497023,
      "0.99": 2.3025850929940455
    },
    "cdf_at": {
      "0.5": 0.6321205588285577,
      "1.0": 0.8646647167633873,
      "2.0": 0.9816843611112658
    }
  },
  "gamma_2_1": {
    "mean": 2.0,
    "var": 2.0,
    "quantiles": {
      "0.50": 1.6783469900166612,
      "0.95": 4.743864518390577
    }
  },
  "gamma_5_2": {
    "mean": 2.5,
    "var": 1.25
  },
  "beta_2_5": {
    "mean": 0.2857142857142857,
    "var": 0.025510204081632654,
    "quantiles": {
      "0.50": 0.26444998329566
    }
  },
  "beta_0.5_0.5": {
    "mean": 0.5,
    "var": 0.125
  },
  "poisson_5": {
    "mean": 5.0,
    "var": 5.0,
    "pmf_at": {
      "0": 0.006737946999085467,
      "5": 0.17546736976785068,
      "10": 0.018132788707821854
    }
  },
  "poisson_0.5": {
    "mean": 0.5,
    "var": 0.5,
    "pmf_at": {
      "0": 0.6065306597126334,
      "1": 0.3032653298563167
    }
  },
  "uniform_0_1": {
    "mean": 0.5,
    "var": 0.08333333333333333,
    "quantiles": {
      "0.25": 0.25,
      "0.50": 0.5,
      "0.75": 0.75
    }
  },
  "ks_critical_values": {
    "n": 100000,
    "alpha_0.05": 0.0043006976178289955,
    "alpha_0.01": 0.005154512586074457
  },
  "chi2_3": {
    "mean": 3.0,
    "var": 6.0,
    "quantiles": {
      "0.95": 7.814727903251179
    }
  }
}