{
  "huber_m": {
    "data": [
      5.304717079754432,
      3.9600158937595045,
      5.750451195806457,
      5.940564716391214,
      3.0489648113461634,
      3.697820493137682,
      5.127840403167285,
      4.683757407656418,
      4.983198842495711,
      4.14695607242642,
      5.879397974862829,
      5.777791935428948,
      5.066030697561216,
      6.127241206968033,
      5.467509342252046,
      4.140707537116762,
      5.368750784082499,
      4.041117399171001,
      5.878450301307272,
      4.950074089013747,
      4.81513763645474,
      4.319070455596059,
      6.222541338674031,
      4.845470517931198,
      4.571672177836893,
      4.6478664495117705,
      5.532309185553348,
      5.365444064364079,
      5.412732611595988,
      5.430821003007883,
      7.141647600870462,
      4.593584983615385,
      4.487757270928463,
      4.186227271752122,
      5.615979422575496,
      6.128972292720892,
      4.886052542345125,
      4.1598435230374715,
      4.1755187843087604,
      5.650592787824701,
      5.743254171203442,
      5.543154268305195,
      4.334490292711306,
      5.23216132306672,
      5.116685809140728,
      5.218688596729013,
      5.87142877794819,
      5.223595548774682,
      5.6789135630718945,
      5.067579069488891,
      50.0,
      -30.0,
      100.0
    ],
    "k": 1.345,
    "location": 5.120683375185736,
    "scale": 0.8295124242087843
  },
  "mad_unscaled": {
    "data": [
      5.304717079754432,
      3.9600158937595045,
      5.750451195806457,
      5.940564716391214,
      3.0489648113461634,
      3.697820493137682,
      5.127840403167285,
      4.683757407656418,
      4.983198842495711,
      4.14695607242642,
      5.879397974862829,
      5.777791935428948,
      5.066030697561216,
      6.127241206968033,
      5.467509342252046,
      4.140707537116762,
      5.368750784082499,
      4.041117399171001,
      5.878450301307272,
      4.950074089013747,
      4.81513763645474,
      4.319070455596059,
      6.222541338674031,
      4.845470517931198,
      4.571672177836893,
      4.6478664495117705,
      5.532309185553348,
      5.365444064364079,
      5.412732611595988,
      5.430821003007883,
      7.141647600870462,
      4.593584983615385,
      4.487757270928463,
      4.186227271752122,
      5.615979422575496,
      6.128972292720892,
      4.886052542345125,
      4.1598435230374715,
      4.1755187843087604,
      5.650592787824701,
      5.743254171203442,
      5.543154268305195,
      4.334490292711306,
      5.23216132306672,
      5.116685809140728,
      5.218688596729013,
      5.87142877794819,
      5.223595548774682,
      5.6789135630718945,
      5.067579069488891,
      50.0,
      -30.0,
      100.0
    ],
    "mad": 0.5591033386999351
  },
  "qn_scale": {
    "data": [
      5.304717079754432,
      3.9600158937595045,
      5.750451195806457,
      5.940564716391214,
      3.0489648113461634,
      3.697820493137682,
      5.127840403167285,
      4.683757407656418,
      4.983198842495711,
      4.14695607242642,
      5.879397974862829,
      5.777791935428948,
      5.066030697561216,
      6.127241206968033,
      5.467509342252046,
      4.140707537116762,
      5.368750784082499,
      4.041117399171001,
      5.878450301307272,
      4.950074089013747,
      4.81513763645474,
      4.319070455596059,
      6.222541338674031,
      4.845470517931198,
      4.571672177836893,
      4.6478664495117705,
      5.532309185553348,
      5.365444064364079,
      5.412732611595988,
      5.430821003007883,
      7.141647600870462,
      4.593584983615385,
      4.487757270928463,
      4.186227271752122,
      5.615979422575496,
      6.128972292720892,
      4.886052542345125,
      4.1598435230374715,
      4.1755187843087604,
      5.650592787824701,
      5.743254171203442,
      5.543154268305195,
      4.334490292711306,
      5.23216132306672,
      5.116685809140728,
      5.218688596729013,
      5.87142877794819,
      5.223595548774682,
      5.6789135630718945,
      5.067579069488891,
      50.0,
      -30.0,
      100.0
    ],
    "qn_raw_kth_diff": 0.4014786446908296,
    "k": 351,
    "h": 27,
    "n": 53
  },
  "huber_weight": {
    "inputs": [
      0.0,
      0.5,
      1.0,
      1.345,
      2.0,
      5.0
    ],
    "k": 1.345,
    "weights": [
      1.0,
      1.0,
      1.0,
      1.0,
      0.6725,
      0.269
    ]
  },
  "bisquare_weight": {
    "inputs": [
      0.0,
      1.0,
      2.0,
      4.0,
      4.685,
      5.0
    ],
    "k": 4.685,
    "weights": [
      1.0,
      0.9109562955029199,
      0.6687334118886328,
      0.07346532558577344,
      0.0,
      0.0
    ]
  },
  "medcouple_symmetric": {
    "data": [
      0.28911939868998415,
      0.6312882258385404,
      -1.4571558198556664,
      -0.31967121635730134,
      -0.4703726542927955,
      -0.6388778482433419,
      -0.27514225122668373,
      1.4949413112343959,
      -0.8658311156932432,
      0.9682783545914808,
      -1.6828697716158048,
      -0.33488502998577485,
      0.1627530651050056,
      0.5862223313592781,
      0.711226579792855,
      0.7933472351999252,
      -0.3487250722484376,
      -0.46235179266456716,
      0.8579758812571538,
      -0.1913043248816149,
      -1.2756863233379219,
      -1.1332872140034806,
      -0.9194522860016113,
      0.49716074405376404,
      0.14242573607056525,
      0.6904853540677682,
      -0.42725264633653426,
      0.15853969107671423,
      0.6255903939673367,
      -0.3093465397202384,
      0.45677523755741145,
      -0.6619259410666513,
      -0.3630538465650718,
      -0.3817378939983291,
      -1.1958396455890397,
      0.4869724807855818,
      -0.46940234020272387,
      0.01249411872768743,
      0.48074665890590895,
      0.4465311760299441,
      0.6653851089727862,
      -0.09848548450942361,
      -0.42329831204415375,
      -0.07971821090639905,
      -1.6873344339580298,
      -1.4471124724230873,
      -1.3226996123544024,
      -0.9972468276014818,
      0.3997742267234366,
      -0.9054790553600608,
      -0.3781625540393897,
      1.2992282977860654,
      -0.35626397106142593,
      0.7375155684670865,
      -0.933617680009877,
      -0.20543755786763002,
      -0.9500220549105812,
      -0.3390330759005625,
      0.8403081374573955,
      -1.7273204231923487,
      0.43442364354585733,
      0.2377356023322779,
      -0.5941499556967944,
      -1.4460578543884546,
      0.07212950771386951,
      -0.5294927090638024,
      0.23267621135470395,
      0.02185214552344288,
      1.6017788913209154,
      -0.23935562747302427,
      -1.023497492621865,
      0.17927563495631615,
      0.21999668397176517,
      1.3591875752404365,
      0.8351112459145785,
      0.35687105914950934,
      1.4633028912195618,
      -1.188763054322851,
      -0.6397515327497477,
      -0.9265759414055249,
      -0.38980980315576796,
      -1.3766861475563088,
      0.6351509468144043,
      -0.22222269709877338,
      -1.4708062945026579,
      -1.0155790812075416,
      0.3135138474501953,
      0.8381265678943811,
      1.9967308916917865,
      2.9138624660073296,
      0.4144094332759964,
      -0.9895381200318641,
      -2.132046280731309,
      0.2677114623438358,
      -0.812941095310326,
      -0.41535726017968533,
      -0.6120967990598081,
      -0.14079088641638526,
      1.0659802307876436,
      0.15704856744534462
    ],
    "expected_range": [
      -0.2,
      0.2
    ]
  },