{
  "fft_cosine_8pt": {
    "input": [
      1.0,
      0.7071067811865476,
      6.123233995736766e-17,
      -0.7071067811865475,
      -1.0,
      -0.7071067811865477,
      -1.8369701987210297e-16,
      0.7071067811865474
    ],
    "fft_real": [
      -3.445092848397666e-16,
      4.0,
      1.224646799147353e-16,
      -4.440892098500626e-16,
      9.957992501029601e-17,
      -4.440892098500626e-16,
      1.224646799147353e-16,
      4.0
    ],
    "fft_imag": [
      0.0,
      -5.589478515662257e-16,
      0.0,
      -6.908913190728439e-17,
      0.0,
      6.908913190728439e-17,
      0.0,
      5.589478515662257e-16
    ],
    "fft_magnitude": [
      3.445092848397666e-16,
      4.0,
      1.224646799147353e-16,
      4.494313456502061e-16,
      9.957992501029601e-17,
      4.494313456502061e-16,
      1.224646799147353e-16,
      4.0
    ]
  },
  "fft_dc_8pt": {
    "input": [
      1.0,
      1.0,
      1.0,
      1.0,
      1.0,
      1.0,
      1.0,
      1.0
    ],
    "fft_real": [
      8.0,
      0.0,
      0.0,
      0.0,
      0.0,
      0.0,
      0.0,
      0.0
    ],
    "fft_imag": [
      0.0,
      0.0,
      0.0,
      0.0,
      0.0,
      0.0,
      0.0,
      0.0
    ]
  },
  "fft_impulse_8pt": {
    "input": [
      1.0,
      0.0,
      0.0,
      0.0,
      0.0,
      0.0,
      0.0,
      0.0
    ],
    "fft_real": [
      1.0,
      1.0,
      1.0,
      1.0,
      1.0,
      1.0,
      1.0,
      1.0
    ],
    "fft_imag": [
      0.0,
      0.0,
      0.0,
      0.0,
      0.0,
      0.0,
      0.0,
      0.0
    ]
  },
  "fft_1234": {
    "input": [
      1.0,
      2.0,
      3.0,
      4.0
    ],
    "fft_real": [
      10.0,
      -2.0,
      -2.0,
      -2.0
    ],
    "fft_imag": [
      0.0,
      2.0,
      0.0,
      -2.0
    ]
  },
  "ifft_roundtrip_8pt": {
    "original": [
      1.0,
      -1.0,
      2.0,
      -2.0,
      3.0,
      -3.0,
      0.5,
      1.5
    ],
    "reconstructed_real": [
      1.0,
      -0.9999999999999998,
      2.0,
      -2.0000000000000004,
      3.0,
      -3.0,
      0.5,
      1.5000000000000004
    ],
    "reconstructed_imag": [
      0.0,
      0.0,
      0.0,
      0.0,
      0.0,
      0.0,
      0.0,
      0.0
    ],
    "max_error": 4.440892098500626e-16
  },
  "rfft_8pt": {
    "input": [
      1.0,
      2.0,
      3.0,
      4.0,
      5.0,
      6.0,
      7.0,
      8.0
    ],
    "rfft_real": [
      36.0,
      -4.0,
      -4.0,
      -4.0,
      -4.0
    ],
    "rfft_imag": [
      0.0,
      9.65685424949238,
      4.0,
      1.6568542494923806,
      0.0
    ],
    "n_coeffs": 5
  },
  "dct2_4pt": {
    "input": [
      1.0,
      2.0,
      3.0,
      4.0
    ],
    "dct2": [
      20.0,
      -6.308644059797899,
      0.0,
      -0.4483415291679651
    ]
  },
  "dct2_8pt": {
    "input": [
      1.0,
      -1.0,
      2.0,
      -2.0,
      3.0,
      -3.0,
      4.0,
      -4.0
    ],
    "dct2": [
      0.0,
      5.097955791041594,
      -4.329568801169575,
      6.013448869350453,
      -5.65685424949238,
      8.999762231364157,
      -10.452503719011013,
      25.629154477415064
    ]
  },
  "convolve_3x3": {
    "a": [
      1.0,
      2.0,
      3.0
    ],
    "b": [
      0.5,
      1.0,
      0.5
    ],
    "result": [
      0.5,
      2.0,
      4.0,
      4.0,
      1.5
    ],
    "length": 5
  },
  "convolve_4x2": {
    "a": [
      1.0,
      0.0,
      -1.0,
      2.0
    ],
    "b": [
      1.0,
      1.0
    ],
    "result": [
      1.0,
      1.0,
      -1.0,
      1.0,
      2.0
    ],
    "length": 5
  },
  "xcorr_3x3": {
    "a": [
      1.0,
      2.0,
      3.0
    ],
    "b": [
      1.0,
      0.5,
      0.0
    ],
    "result": [
      0.0,
      0.5,
      2.0,
      3.5,
      3.0
    ],
    "length": 5
  },
  "windows_8pt": {
    "hann": [
      0.0,
      0.18825509907063326,
      0.6112604669781572,
      0.9504844339512095,
      0.9504844339512095,
      0.6112604669781572,
      0.18825509907063326,
      0.0
    ],
    "hamming": [
      0.08000000000000007,
      0.25319469114498266,
      0.6423596296199047,
      0.9544456792351128,
      0.9544456792351128,
      0.6423596296199047,
      0.25319469114498266,
      0.08000000000000007
    ],
    "blackman": [
      -1.3877787807814457e-17,
      0.09045342435412808,
      0.45918295754596367,
      0.9203636180999082,
      0.9203636180999082,
      0.45918295754596367,
      0.09045342435412808,
      -1.3877787807814457e-17
    ],
    "bartlett": [
      0.0,
      0.2857142857142857,
      0.5714285714285714,
      0.8571428571428571,
      0.8571428571428572,
      0.5714285714285714,
      0.2857142857142858,
      0.0
    ]
  },
  "periodogram_10hz": {
    "fs": 100.0,
    "n_samples": 100,
    "frequencies": [
      0.0,
      1.0,
      2.0,
      3.0,
      4.0,
      5.0,
      6.0,
      7.0,
      8.0,
      9.0,
      10.0,
      11.0,
      12.0,
      13.0,
      14.0,
      15.0,
      16.0,
      17.0,
      18.0,
      19.0,
      20.0,
      21.0,
      22.0,
      23.0,
      24.0,
      25.0,
      26.0,
      27.0,
      28.0,
      29.0,
      30.0,
      31.0,
      32.0,
      33.0,
      34.0,
      35.0,
      36.0,
      37.0,
      38.0,
      39.0,
      40.0,
      41.0,
      42.0,
      43.0,
      44.0,
      45.0,
      46.0,
      47.0,
      48.0,
      49.0,
      50.0
    ],
    "psd": [
      1.8724234048945495e-35,
      4.5548186718934985e-32,
      1.4561066559471168e-31,
      1.710264293560546e-31,
      7.45448776950754e-33,
      6.046702613255723e-32,
      4.719583803636646e-32,
      4.809979230051921e-32,
      4.1775833762239785e-33,
      4.837106682095764e-32,
      0.5,
      1.4719481900042944e-32,
      8.554411193360934e-33,
      1.8547448042335854e-33,
      1.9489350449807955e-32,
      4.4571623566200144e-32,
      2.346047696391129e-32,
      1.1550214170350424e-31,
      2.1548706947403853e-31,
      1.076382746354485e-31,
      3.9562489867913737e-32,
      3.728626453687628e-33,
      8.327859397964401e-32,
      3.148499322871849e-32,
      1.3769738103672204e-32,
      5.943941197929442e-32,
      3.8474575812392034e-32,
      9.78536266677155e-32,
      1.5153415340251183e-34,
      9.069050395297883e-33,
      4.662493636541993e-33,
      5.607736706698422e-32,
      1.3884326716608686e-31,
      1.4254843831039807e-31,
      2.544391238762134e-32,
      1.791067021877318e-32,
      3.912525336371807e-32,
      1.5674591170834472e-32,
      1.9887600900458852e-32,
      5.263180554612966e-32,
      1.5496402506256615e-33,
      2.4649779384072925e-32,
      7.133494510911863e-32,
      2.8272600657560756e-32,
      3.348604803901509e-32,
      1.3191329383219798e-32,
      1.8968184161703996e-33,
      1.1078426402861931e-31,
      1.5121037445518887e-31,
      7.440460322479746e-32,
      7.375111601029787e-33
    ],
    "peak_freq": 10.0
  },
  "parseval_8pt": {
    "energy_time_domain": 204.0,
    "energy_freq_domain": 204.0,
    "ratio": 1.0
  }
}