{
  "cramers_v_strong": {
    "table": [
      [
        50,
        5
      ],
      [
        5,
        40
      ]
    ],
    "chi2": 60.49382716049382,
    "p_value": 7.380957428674862e-15,
    "cramers_v": 0.7777777777777777,
    "n": 100
  },
  "cramers_v_weak": {
    "table": [
      [
        30,
        20
      ],
      [
        25,
        25
      ]
    ],
    "chi2": 0.6464646464646464,
    "cramers_v": 0.08040302522073696
  },
  "cramers_v_independent": {
    "table": [
      [
        25,
        25
      ],
      [
        25,
        25
      ]
    ],
    "cramers_v": 0.0,
    "expected_near_zero": true
  },
  "cramers_v_3x3": {
    "table": [
      [
        20,
        5,
        5
      ],
      [
        5,
        20,
        5
      ],
      [
        5,
        5,
        20
      ]
    ],
    "chi2": 45.0,
    "cramers_v": 0.5
  },
  "ridge_weak": {
    "alpha": 0.1,
    "coefficients": [
      2.0590748699956856,
      -1.0692502111081934,
      0.49809896975785856
    ],
    "intercept": 0.03682210042264686,
    "r_squared": 0.955094850639271,
    "true_beta": [
      2.0,
      -1.0,
      0.5
    ]
  },
  "ridge_moderate": {
    "alpha": 1.0,
    "coefficients": [
      1.9907169340217208,
      -1.0590467868678068,
      0.47946302248732836
    ],
    "intercept": 0.03311677098347976,
    "r_squared": 0.9542699911342446,
    "true_beta": [
      2.0,
      -1.0,
      0.5
    ]
  },
  "ridge_strong": {
    "alpha": 10.0,
    "coefficients": [
      1.5005507017018758,
      -0.9529636604241895,
      0.34853540568291524
    ],
    "intercept": 0.010449241966710094,
    "r_squared": 0.9064177432335285,
    "true_beta": [
      2.0,
      -1.0,
      0.5
    ]
  },
  "lasso_weak": {
    "alpha": 0.01,
    "coefficients": [
      2.046468377204818,
      -1.0633176353835176,
      0.48801201343737427
    ],
    "intercept": 0.035995072511692094,
    "r_squared": 0.9550082858761747,
    "n_nonzero": 3
  },
  "lasso_moderate": {
    "alpha": 0.1,
    "coefficients": [
      1.8617666225837002,
      -0.9999001373213416,
      0.37777308530102055
    ],
    "intercept": 0.024619269352873594,
    "r_squared": 0.9455519042224559,
    "n_nonzero": 3
  },
  "lasso_strong": {
    "alpha": 1.0,
    "coefficients": [
      0.26039071181442136,
      -0.30530548538617885,
      0.0
    ],
    "intercept": -0.0062736802240874745,
    "r_squared": 0.30729040084104675,
    "n_nonzero": 2
  },
  "ridge_lasso_data": {
    "X": [
      [
        0.4967141530112327,
        -0.13826430117118466,
        0.6476885381006925
      ],
      [
        1.5230298564080254,
        -0.23415337472333597,
        -0.23413695694918055
      ],
      [
        1.5792128155073915,
        0.7674347291529088,
        -0.4694743859349521
      ],
      [
        0.5425600435859647,
        -0.46341769281246226,
        -0.46572975357025687
      ],
      [
        0.24196227156603412,
        -1.913280244657798,
        -1.7249178325130328
      ],
      [
        -0.5622875292409727,
        -1.0128311203344238,
        0.3142473325952739
      ],
      [
        -0.9080240755212109,
        -1.4123037013352915,
        1.465648768921554
      ],
      [
        -0.22577630048653566,
        0.06752820468792384,
        -1.4247481862134568
      ],
      [
        -0.5443827245251827,
        0.11092258970986608,
        -1.1509935774223028
      ],
      [
        0.37569801834567196,
        -0.600638689918805,
        -0.2916937497932768
      ],
      [
        -0.6017066122293969,
        1.8522781845089378,
        -0.013497224737933921
      ],
      [
        -1.0577109289559004,
        0.822544912103189,
        -1.2208436499710222
      ],
      [
        0.2088635950047554,
        -1.9596701238797756,
        -1.3281860488984305
      ],
      [
        0.19686123586912352,
        0.7384665799954104,
        0.1713682811899705
      ],
      [
        -0.11564828238824053,
        -0.3011036955892888,
        -1.4785219903674274
      ],
      [
        -0.7198442083947086,
        -0.4606387709597875,
        1.0571222262189157
      ],
      [
        0.3436182895684614,
        -1.763040155362734,
        0.324083969394795
      ],
      [
        -0.38508228041631654,
        -0.6769220003059587,
        0.6116762888408679
      ],
      [
        1.030999522495951,
        0.9312801191161986,
        -0.8392175232226385
      ],
      [
        -0.3092123758512146,
        0.33126343140356396,
        0.9755451271223592
      ],
      [
        -0.47917423784528995,
        -0.18565897666381712,
        -1.1063349740060282
      ],
      [
        -1.1962066240806708,
        0.812525822394198,
        1.356240028570823
      ],
      [
        -0.07201012158033385,
        1.0035328978920242,
        0.36163602504763415
      ],
      [
        -0.6451197546051243,
        0.36139560550841393,
        1.5380365664659692
      ],
      [
        -0.03582603910995154,
        1.5646436558140062,
        -2.6197451040897444
      ],
      [
        0.8219025043752238,
        0.08704706823817122,
        -0.29900735046586746
      ],
      [
        0.0917607765355023,
        -1.9875689146008928,
        -0.21967188783751193
      ],
      [
        0.3571125715117464,
        1.477894044741516,
        -0.5182702182736474
      ],
      [
        -0.8084936028931876,
        -0.5017570435845365,
        0.9154021177020741
      ],
      [
        0.32875110965968446,
        -0.5297602037670388,
        0.5132674331133561
      ],
      [
        0.09707754934804039,
        0.9686449905328892,
        -0.7020530938773524
      ],
      [
        -0.3276621465977682,
        -0.39210815313215763,
        -1.4635149481321186
      ],
      [
        0.29612027706457605,
        0.26105527217988933,
        0.00511345664246089
      ],
      [
        -0.23458713337514692,
        -1.4153707420504142,
        -0.42064532276535904
      ],
      [
        -0.3427145165267695,
        -0.8022772692216189,
        -0.16128571166600914
      ],
      [
        0.4040508568145384,
        1.8861859012105302,
        0.17457781283183896
      ],
      [
        0.25755039072276437,
        -0.07444591576616721,
        -1.9187712152990415
      ],
      [
        -0.026513875449216878,
        0.06023020994102644,
        2.463242112485286
      ],
      [
        -0.19236096478112252,
        0.30154734233361247,
        -0.03471176970524331
      ],
      [
        -1.168678037619532,
        1.1428228145150205,
        0.7519330326867741
      ],
      [
        0.7910319470430469,
        -0.9093874547947389,
        1.4027943109360992
      ],
      [
        -1.4018510627922809,
        0.5868570938002703,
        2.1904556258099785
      ],
      [
        -0.9905363251306883,
        -0.5662977296027719,
        0.09965136508764122
      ],
      [
        -0.5034756541161992,
        -1.5506634310661327,
        0.06856297480602733
      ],
      [
        -1.0623037137261049,
        0.4735924306351816,
        -0.9194242342338032
      ],
      [
        1.5499344050175394,
        -0.7832532923362371,
        -0.3220615162056756
      ],
      [
        0.8135172173696698,
        -1.2308643164339552,
        0.22745993460412942
      ],
      [
        1.307142754282428,
        -1.6074832345612275,
        0.1846338585323042
      ],
      [
        0.25988279424842353,
        0.7818228717773104,
        -1.236950710878082
      ],
      [
        -1.3204566130842763,
        0.5219415656168976,
        0.29698467323318606
      ]
    ],