{
  "shannon_entropy": {
    "uniform_probs": [
      0.25,
      0.25,
      0.25,
      0.25
    ],
    "uniform_entropy": 1.3862943611198906,
    "peaked_probs": [
      0.7,
      0.1,
      0.1,
      0.1
    ],
    "peaked_entropy": 0.9404479886553264,
    "deterministic_probs": [
      0.97,
      0.01,
      0.01,
      0.01
    ],
    "deterministic_entropy": 0.16770053683981007
  },
  "entropy_from_counts": {
    "counts": [
      10.0,
      20.0,
      30.0,
      40.0
    ],
    "entropy": 1.2798542258336676
  },
  "kl_divergence": {
    "p": [
      0.4,
      0.3,
      0.2,
      0.1
    ],
    "q": [
      0.25,
      0.25,
      0.25,
      0.25
    ],
    "kl_pq": 0.10644013528622334
  },
  "cross_entropy": {
    "p": [
      0.4,
      0.3,
      0.2,
      0.1
    ],
    "q": [
      0.25,
      0.25,
      0.25,
      0.25
    ],
    "cross_entropy": 1.386294361119891
  },
  "js_divergence": {
    "p": [
      0.4,
      0.3,
      0.2,
      0.1
    ],
    "q": [
      0.25,
      0.25,
      0.25,
      0.25
    ],
    "js": 0.027865613457276797
  },
  "mutual_information": {
    "contingency": [
      10.0,
      2.0,
      1.0,
      3.0,
      15.0,
      2.0,
      1.0,
      3.0,
      12.0
    ],
    "nx": 3,
    "ny": 3,
    "mi": 0.376047612846038
  },
  "conditional_entropy": {
    "contingency": [
      10.0,
      2.0,
      1.0,
      3.0,
      15.0,
      2.0,
      1.0,
      3.0,
      12.0
    ],
    "nx": 3,
    "ny": 3,
    "h_y_given_x": 0.7100134790966988
  },
  "variation_of_information": {
    "contingency": [
      10.0,
      2.0,
      1.0,
      3.0,
      15.0,
      2.0,
      1.0,
      3.0,
      12.0
    ],
    "nx": 3,
    "ny": 3,
    "vi": 1.41720643632218
  },
  "clustering_mi": {
    "labels_true": [
      0,
      0,
      0,
      1,
      1,
      1,
      2,
      2,
      2,
      2
    ],
    "labels_pred": [
      0,
      0,
      1,
      1,
      1,
      2,
      2,
      2,
      0,
      2
    ],
    "mi": 0.4820574165208128,
    "nmi_arithmetic": 0.44270128334605,
    "ami": 0.23728877770133558
  },
  "renyi_entropy": {
    "probs": [
      0.7,
      0.1,
      0.1,
      0.1
    ],
    "alpha": 2.0,
    "renyi": 0.6539264674066642
  },
  "tsallis_entropy": {
    "probs": [
      0.7,
      0.1,
      0.1,
      0.1
    ],
    "q": 2.0,
    "tsallis": 0.4800000000000001
  }
}