{
  "shannon_uniform_4": {
    "probs": [
      0.25,
      0.25,
      0.25,
      0.25
    ],
    "H": 1.3862943611198906,
    "H_exact": 1.3862943611198906
  },
  "shannon_binary_fair": {
    "probs": [
      0.5,
      0.5
    ],
    "H": 0.6931471805599453,
    "H_exact": 0.6931471805599453
  },
  "shannon_deterministic": {
    "probs": [
      1.0,
      0.0,
      0.0
    ],
    "H": 0.0
  },
  "shannon_asymmetric": {
    "probs": [
      0.9,
      0.1
    ],
    "H": 0.3250829733914482
  },
  "shannon_uniform_8": {
    "probs": [
      0.125,
      0.125,
      0.125,
      0.125,
      0.125,
      0.125,
      0.125,
      0.125
    ],
    "H": 2.0794415416798357,
    "H_exact": 2.0794415416798357
  },
  "kl_identical": {
    "p": [
      0.5,
      0.5
    ],
    "q": [
      0.5,
      0.5
    ],
    "KL": 0.0
  },
  "kl_asymmetric_scipy": {
    "p": [
      0.9,
      0.1
    ],
    "q": [
      0.5,
      0.5
    ],
    "KL": 0.3680642071684971
  },
  "kl_reverse": {
    "p": [
      0.5,
      0.5
    ],
    "q": [
      0.9,
      0.1
    ],
    "KL": 0.5108256237659906
  },
  "kl_asymmetry_check": {
    "p": [
      0.25,
      0.25,
      0.25,
      0.25
    ],
    "q": [
      0.1,
      0.2,
      0.3,
      0.4
    ],
    "KL_pq": 0.12177727428716864,
    "KL_qp": 0.10644013528622318
  },
  "mi_perfect": {
    "labels_a": [
      0,
      0,
      1,
      1,
      2,
      2
    ],
    "labels_b": [
      0,
      0,
      1,
      1,
      2,
      2
    ],
    "MI": 1.0986122886681096,
    "NMI": 1.0
  },
  "mi_low_dependence": {
    "labels_a": [
      0,
      0,
      0,
      1,
      1,
      1
    ],
    "labels_b": [
      0,
      1,
      0,
      1,
      0,
      1
    ],
    "MI": 0.0566330122651324,
    "NMI": 0.08170416594551037
  },
  "mi_3x3_moderate": {
    "labels_a": [
      0,
      0,
      0,
      1,
      1,
      1,
      2,
      2,
      2
    ],
    "labels_b": [
      0,
      0,
      1,
      1,
      1,
      2,
      2,
      2,
      0
    ],
    "MI": 0.46209812037329695,
    "NMI": 0.42061983571430506,
    "AMI": 0.1650226091288854
  }
}