{
  "erf": {
    "inputs": [
      0.0,
      0.5,
      1.0,
      1.5,
      2.0,
      -1.0,
      3.0
    ],
    "values": [
      0.0,
      0.5204998778130465,
      0.8427007929497148,
      0.9661051464753108,
      0.9953222650189527,
      -0.8427007929497148,
      0.9999779095030014
    ]
  },
  "erfc": {
    "inputs": [
      0.0,
      0.5,
      1.0,
      1.5,
      2.0,
      -1.0,
      3.0
    ],
    "values": [
      1.0,
      0.4795001221869535,
      0.15729920705028516,
      0.03389485352468927,
      0.004677734981047266,
      1.8427007929497148,
      2.209049699858544e-05
    ]
  },
  "log_gamma": {
    "inputs": [
      0.5,
      1.0,
      1.5,
      2.0,
      5.0,
      10.0,
      0.1
    ],
    "values": [
      0.5723649429247,
      0.0,
      -0.12078223763524526,
      0.0,
      3.1780538303479458,
      12.801827480081469,
      2.252712651734206
    ]
  },
  "gamma": {
    "inputs": [
      0.5,
      1.0,
      1.5,
      2.0,
      3.0,
      5.0,
      10.0
    ],
    "values": [
      1.7724538509055159,
      1.0,
      0.8862269254527579,
      1.0,
      2.0,
      24.0,
      362880.0
    ]
  },
  "log_beta": {
    "pairs": [
      [
        1.0,
        1.0
      ],
      [
        2.0,
        3.0
      ],
      [
        0.5,
        0.5
      ],
      [
        5.0,
        10.0
      ]
    ],
    "values": [
      0.0,
      -2.4849066497880004,
      1.1447298858494,
      -9.211339872309265
    ]
  },
  "normal_cdf": {
    "inputs": [
      -3.0,
      -2.0,
      -1.0,
      0.0,
      1.0,
      1.96,
      2.0,
      3.0
    ],
    "values": [
      0.001349898031630093,
      0.0227501319481792,
      0.15865525393145707,
      0.5,
      0.8413447460685429,
      0.9750021048517795,
      0.9772498680518208,
      0.9986501019683699
    ]
  },
  "t_cdf": {
    "inputs": [
      -2.0,
      -1.0,
      0.0,
      1.0,
      2.0,
      3.0
    ],
    "dfs": [
      5.0,
      10.0,
      30.0
    ],
    "values": {
      "5.0": [
        0.050969739414929174,
        0.18160873382456144,
        0.5,
        0.8183912661754386,
        0.9490302605850708,
        0.9849503760512687
      ],
      "10.0": [
        0.036694017385370196,
        0.17044656615103,
        0.5,
        0.8295534338489701,
        0.9633059826146299,
        0.9933281724887152
      ],
      "30.0": [
        0.027312522481491554,
        0.1626543077130151,
        0.5,
        0.8373456922869849,
        0.9726874775185085,
        0.9973050179671741
      ]
    }
  },
  "chi2_cdf": {
    "inputs": [
      1.0,
      3.84,
      5.99,
      9.21,
      15.0
    ],
    "dfs": [
      1.0,
      2.0,
      5.0
    ],
    "values": {
      "1.0": [
        0.6826894921370859,
        0.9499564787512949,
        0.9856127976259929,
        0.9975930330680177,
        0.9998924888232705
      ],
      "2.0": [
        0.3934693402873665,
        0.8533930378696499,
        0.9499633729134137,
        0.9899982979952945,
        0.9994469156298522
      ],
      "5.0": [
        0.0374342267527036,
        0.4273255401679113,
        0.6928068214791321,
        0.8990245219321608,
        0.9896376620842136
      ]
    }
  },
  "f_cdf": {
    "inputs": [
      1.0,
      2.0,
      3.84,
      5.0,
      10.0
    ],
    "d1": 3.0,
    "d2": 20.0,
    "values": [
      0.5867480859375397,
      0.8535611969133786,
      0.974582624726928,
      0.9904896625227664,
      0.9996905945364852
    ]
  },
  "digamma": {
    "inputs": [
      0.5,
      1.0,
      2.0,
      5.0,
      10.0
    ],
    "values": [
      -1.9635100260214235,
      -0.5772156649015329,
      0.42278433509846713,
      1.5061176684318003,
      2.251752589066721
    ]
  },
  "trigamma": {
    "inputs": [
      0.5,
      1.0,
      2.0,
      5.0,
      10.0
    ],
    "values": [
      4.93480220054468,
      1.6449340668482266,
      0.6449340668482266,
      0.22132295573711533,
      0.10516633568168575
    ]
  },
  "regularized_gamma_p": {
    "pairs": [
      [
        1.0,
        1.0
      ],
      [
        2.0,
        3.0
      ],
      [
        5.0,
        5.0
      ],
      [
        0.5,
        0.5
      ]
    ],
    "values": [
      0.6321205588285577,
      0.8008517265285442,
      0.5595067149347879,
      0.6826894921370859
    ]
  },
  "regularized_incomplete_beta": {
    "triples": [
      [
        0.5,
        0.5,
        0.5
      ],
      [
        2.0,
        3.0,
        0.4
      ],
      [
        1.0,
        1.0,
        0.5
      ],
      [
        5.0,
        10.0,
        0.3
      ]
    ],
    "values": [
      0.5000000000000001,
      NaN,
      1.0,
      NaN
    ]
  },
  "normal_two_tail_p": {
    "z_values": [
      1.0,
      1.645,
      1.96,
      2.0,
      2.576,
      3.0
    ],
    "p_values": [
      0.31731050786291415,
      0.09996981107824275,
      0.04999579029644087,
      0.0455002638963584,
      0.009995064631470027,
      0.002699796063260186
    ]
  },
  "t_two_tail_p": {
    "t_values": [
      1.0,
      2.0,
      3.0
    ],
    "df": 10.0,
    "p_values": [
      0.34089313230206,
      0.07338803477074039,
      0.01334365502256957
    ]
  }
}