{
  "lme_known": {
    "x": [
      0.0,
      0.05,
      0.1,
      0.15,
      0.2,
      0.25,
      0.3,
      0.35,
      0.4,
      0.45,
      0.5,
      0.55,
      0.6,
      0.65,
      0.7,
      0.75,
      0.8,
      0.85,
      0.9,
      0.95,
      0.0,
      0.05,
      0.1,
      0.15,
      0.2,
      0.25,
      0.3,
      0.35,
      0.4,
      0.45,
      0.5,
      0.55,
      0.6,
      0.65,
      0.7,
      0.75,
      0.8,
      0.85,
      0.9,
      0.95,
      0.0,
      0.05,
      0.1,
      0.15,
      0.2,
      0.25,
      0.3,
      0.35,
      0.4,
      0.45,
      0.5,
      0.55,
      0.6,
      0.65,
      0.7,
      0.75,
      0.8,
      0.85,
      0.9,
      0.95
    ],
    "y": [
      2.2483570765056164,
      2.0808678494144077,
      2.623844269050346,
      3.211514928204013,
      2.482923312638332,
      2.6329315215254097,
      3.6896064077536956,
      3.433717364576454,
      2.965262807032524,
      3.6212800217929826,
      3.268291153593769,
      3.417135123214872,
      3.920981135783017,
      2.993359877671101,
      3.2375410837434835,
      3.968856235379514,
      3.8935844398327886,
      4.707123666297637,
      4.245987962239394,
      4.143848149332354,
      4.732824384460777,
      4.037111849756733,
      4.333764102343962,
      3.737625906893272,
      4.327808637737409,
      4.805461294854933,
      4.324503211288849,
      5.237849009172836,
      4.899680655040598,
      5.204153125103361,
      5.199146693885302,
      6.576139092254469,
      5.793251387631033,
      5.42114453552205,
      6.511272456051594,
      5.639578175014488,
      6.504431797502378,
      5.570164938060112,
      6.035906975550785,
      6.948430617934561,
      1.3692332899977053,
      1.2356841405949852,
      1.2421758588058796,
      1.2994481522053558,
      0.8607390048162864,
      1.3900778958026456,
      1.6696806145201062,
      2.5785611131094575,
      2.3718091447842307,
      1.4684799223186331,
      2.6620419846973977,
      2.457458859791842,
      2.4615389998470203,
      3.255838144420434,
      3.615499761247975,
      3.7156400595580994,
      2.9803912383886813,
      3.3953938120743925,
      3.8656317157017823,
      4.337772563561179
    ],
    "groups": [
      0,
      0,
      0,
      0,
      0,
      0,
      0,
      0,
      0,
      0,
      0,
      0,
      0,
      0,
      0,
      0,
      0,
      0,
      0,
      0,
      1,
      1,
      1,
      1,
      1,
      1,
      1,
      1,
      1,
      1,
      1,
      1,
      1,
      1,
      1,
      1,
      1,
      1,
      1,
      1,
      2,
      2,
      2,
      2,
      2,
      2,
      2,
      2,
      2,
      2,
      2,
      2,
      2,
      2,
      2,
      2,
      2,
      2,
      2,
      2
    ],
    "n": 60,
    "d": 1,
    "k": 3,
    "true_beta": [
      2.0,
      3.0
    ],
    "true_sigma2": 0.25,
    "true_sigma2_u": 4.0,
    "true_group_effects": [
      0.0,
      2.0,
      -1.0
    ]
  },
  "icc_high": {
    "values": [
      1.0,
      1.1,
      0.9,
      1.0,
      5.0,
      5.1,
      4.9,
      5.0,
      10.0,
      10.1,
      9.9,
      10.0
    ],
    "groups": [
      0,
      0,
      0,
      0,
      1,
      1,
      1,
      1,
      2,
      2,
      2,
      2
    ],
    "n": 12,
    "k": 3,
    "grand_mean": 5.333333333333333,
    "group_means": [
      1.0,
      5.0,
      10.0
    ],
    "msb": 81.33333333333334,
    "msw": 0.006666666666666636,
    "n0": 4.0,
    "icc": 0.9996722117512088
  },
  "icc_low": {
    "values": [
      1.0,
      5.0,
      3.0,
      7.0,
      2.0,
      6.0,
      4.0,
      8.0,
      0.5,
      4.5,
      2.5,
      6.5
    ],
    "groups": [
      0,
      0,
      0,
      0,
      1,
      1,
      1,
      1,
      2,
      2,
      2,
      2
    ],
    "icc": 0.0
  },
  "design_effect": {
    "cases": [
      {
        "icc": 0.0,
        "cluster_size": 10.0,
        "deff": 1.0
      },
      {
        "icc": 0.1,
        "cluster_size": 20.0,
        "deff": 2.9
      },
      {
        "icc": 0.5,
        "cluster_size": 10.0,
        "deff": 5.5
      },
      {
        "icc": 1.0,
        "cluster_size": 5.0,
        "deff": 5.0
      }
    ]
  }
}