{
  "shapiro_wilk_normal": {
    "data": [
      0.4967141530112327,
      -0.13826430117118466,
      0.6476885381006925,
      1.5230298564080254,
      -0.23415337472333597,
      -0.23413695694918055,
      1.5792128155073915,
      0.7674347291529088,
      -0.4694743859349521,
      0.5425600435859647,
      -0.46341769281246226,
      -0.46572975357025687,
      0.24196227156603412,
      -1.913280244657798,
      -1.7249178325130328,
      -0.5622875292409727,
      -1.0128311203344238,
      0.3142473325952739,
      -0.9080240755212109,
      -1.4123037013352915,
      1.465648768921554,
      -0.22577630048653566,
      0.06752820468792384,
      -1.4247481862134568,
      -0.5443827245251827,
      0.11092258970986608,
      -1.1509935774223028,
      0.37569801834567196,
      -0.600638689918805,
      -0.2916937497932768,
      -0.6017066122293969,
      1.8522781845089378,
      -0.013497224737933921,
      -1.0577109289559004,
      0.822544912103189,
      -1.2208436499710222,
      0.2088635950047554,
      -1.9596701238797756,
      -1.3281860488984305,
      0.19686123586912352,
      0.7384665799954104,
      0.1713682811899705,
      -0.11564828238824053,
      -0.3011036955892888,
      -1.4785219903674274,
      -0.7198442083947086,
      -0.4606387709597875,
      1.0571222262189157,
      0.3436182895684614,
      -1.763040155362734
    ],
    "statistic": 0.9827494614161075,
    "p_value": 0.672207564902706,
    "reject_005": false
  },
  "shapiro_wilk_uniform": {
    "data": [
      0.14092422497476265,
      0.8021969807540397,
      0.07455064367977082,
      0.9868869366005173,
      0.7722447692966574,
      0.1987156815341724,
      0.005522117123602399,
      0.8154614284548342,
      0.7068573438476171,
      0.7290071680409873,
      0.7712703466859457,
      0.07404465173409036,
      0.3584657285442726,
      0.11586905952512971,
      0.8631034258755935,
      0.6232981268275579,
      0.3308980248526492,
      0.06355835028602363,
      0.3109823217156622,
      0.32518332202674705,
      0.7296061783380641,
      0.6375574713552131,
      0.8872127425763265,
      0.4722149251619493,
      0.1195942459383017,
      0.713244787222995,
      0.7607850486168974,
      0.5612771975694962,
      0.770967179954561,
      0.49379559636439074,
      0.5227328293819941,
      0.42754101835854963,
      0.02541912674409519,
      0.10789142699330445,
      0.03142918568673425,
      0.6364104112637804,
      0.3143559810763267,
      0.5085706911647028,
      0.907566473926093,
      0.24929222914887494,
      0.41038292303562973,
      0.7555511385430487,
      0.22879816549162246,
      0.07697990982879299,
      0.289751452913768,
      0.16122128725400442,
      0.9296976523425731,
      0.808120379564417,
      0.6334037565104235,
      0.8714605901877177
    ],
    "statistic": 0.9279650321315382,
    "p_value": 0.0046317937826314695,
    "reject_005": true
  },
  "shapiro_wilk_exponential": {
    "data": [
      1.6279689407405564,
      0.20649547635863907,
      2.230813405235561,
      0.775099901966172,
      1.6473482913035662,
      2.2642426492862313,
      0.38273071641831846,
      0.11659216012385083,
      0.25868674613938136,
      0.5570576927486144,
      1.703829726638945,
      1.9713449718798333,
      0.006976409181650647,
      0.7148761593385558,
      0.5402733209186713,
      0.2511673382758245,
      0.1276803915456468,
      0.41190857986243246,
      2.8631211226911497,
      0.3903838028814744,
      0.7314528057601519,
      1.2140869768808549,
      0.45197449896696235,
      3.5677981382916997,
      3.282009864541398,
      0.2900612949922053,
      0.6876592784638472,
      0.3579304600790468,
      0.3352496763810817,
      0.03758447776552253,
      0.9404920709825931,
      0.6985196328296385,
      0.05285108738039248,
      0.32662592101036936,
      2.3888609510893404,
      0.27386055214207705,
      0.15653086098546976,
      0.6722721094736362,
      4.24403698261526,
      0.2771448135597262,
      1.1151550102972934,
      1.4338876262394629,
      0.2713331723358058,
      1.3027489284923162,
      0.458522799264304,
      1.0005037477317713,
      1.0038378271376383,
      0.7673852499523488,
      0.09462915881162096,
      1.803644794246297
    ],
    "statistic": 0.8249148418981244,
    "p_value": 3.4588652670415304e-06,
    "reject_005": true
  },
  "levene_mean_3groups": {
    "groups": [
      [
        2.0,
        3.0,
        4.0,
        5.0,
        6.0
      ],
      [
        1.0,
        5.0,
        9.0,
        13.0,
        17.0
      ],
      [
        3.0,
        3.5,
        4.0,
        4.5,
        5.0
      ]
    ],
    "center": "mean",
    "statistic": 6.4099378881987565,
    "p_value": 0.012772910090474751
  },
  "levene_median_3groups": {
    "groups": [
      [
        2.0,
        3.0,
        4.0,
        5.0,
        6.0
      ],
      [
        1.0,
        5.0,
        9.0,
        13.0,
        17.0
      ],
      [
        3.0,
        3.5,
        4.0,
        4.5,
        5.0
      ]
    ],
    "center": "median",
    "statistic": 6.4099378881987565,
    "p_value": 0.012772910090474751
  },
  "levene_equal_var": {
    "groups": [
      [
        1.0,
        2.0,
        3.0,
        4.0,
        5.0
      ],
      [
        2.0,
        3.0,
        4.0,
        5.0,
        6.0
      ]
    ],
    "center": "mean",
    "statistic": 0.0,
    "p_value": 1.0,
    "reject_005": false
  },
  "welch_anova_2groups": {
    "groups": [
      [
        1.0,
        2.0,
        3.0,
        4.0,
        5.0
      ],
      [
        3.0,
        4.0,
        5.0,
        6.0,
        7.0
      ]
    ],
    "note": "2-group Welch ANOVA = Welch t-test; F = t^2",
    "t_statistic": -2.0,
    "f_statistic": 4.0,
    "p_value": 0.0805162379572626
  },
  "welch_anova_equal_means": {
    "groups": [
      [
        10.0,
        10.5,
        11.0,
        11.5,
        12.0
      ],
      [
        10.0,
        10.5,
        11.0,
        11.5,
        12.0
      ]
    ],
    "f_statistic": 0.0,
    "p_value": 1.0,
    "reject_005": false
  },
  "ljung_box_white_noise": {
    "data_seed": 123,
    "n": 100,
    "n_lags": 10,
    "fitted_params": 0,
    "statistic": 4.828104746685818,
    "p_value": 0.9023608824529442,
    "reject_005": false
  },