{
  "hierarchical_single": {
    "data": [
      [
        0.24835707650561634,
        -0.06913215058559233
      ],
      [
        0.32384426905034625,
        0.7615149282040127
      ],
      [
        -0.11707668736166799,
        -0.11706847847459027
      ],
      [
        0.7896064077536957,
        0.3837173645764544
      ],
      [
        -0.23473719296747605,
        0.27128002179298233
      ],
      [
        4.768291153593768,
        4.767135123214872
      ],
      [
        5.120981135783017,
        4.043359877671101
      ],
      [
        4.137541083743484,
        4.718856235379514
      ],
      [
        4.493584439832788,
        5.157123666297637
      ],
      [
        4.545987962239394,
        4.293848149332354
      ],
      [
        10.732824384460777,
        -0.11288815024326783
      ],
      [
        10.033764102343962,
        -0.7123740931067284
      ],
      [
        9.72780863773741,
        0.05546129485493304
      ],
      [
        9.42450321128885,
        0.18784900917283598
      ],
      [
        9.699680655040597,
        -0.1458468748966384
      ]
    ],
    "method": "single",
    "linkage_matrix": [
      [
        12.0,
        14.0,
        0.20326377596443415,
        2.0
      ],
      [
        13.0,
        15.0,
        0.33093910106764585,
        3.0
      ],
      [
        0.0,
        2.0,
        0.368564414052268,
        2.0
      ],
      [
        4.0,
        17.0,
        0.4057814094306037,
        3.0
      ],
      [
        5.0,
        8.0,
        0.47702708761785734,
        2.0
      ],
      [
        9.0,
        19.0,
        0.5228950836766497,
        3.0
      ],
      [
        7.0,
        20.0,
        0.5646638047713941,
        4.0
      ],
      [
        1.0,
        3.0,
        0.5997210759448405,
        2.0
      ],
      [
        6.0,
        21.0,
        0.6271853983166452,
        5.0
      ],
      [
        11.0,
        16.0,
        0.6576966160282137,
        4.0
      ],
      [
        18.0,
        22.0,
        0.7057078162802181,
        5.0
      ],
      [
        10.0,
        24.0,
        0.9209064413522867,
        5.0
      ],
      [
        23.0,
        25.0,
        5.42213289552886,
        10.0
      ],
      [
        26.0,
        27.0,
        5.777998469320866,
        15.0
      ]
    ],
    "labels_3_clusters": [
      3,
      3,
      3,
      3,
      3,
      2,
      2,
      2,
      2,
      2,
      1,
      1,
      1,
      1,
      1
    ],
    "n_leaves": 15,
    "cophenetic_corr": 0.9325866866532831
  },
  "hierarchical_complete": {
    "data": [
      [
        0.24835707650561634,
        -0.06913215058559233
      ],
      [
        0.32384426905034625,
        0.7615149282040127
      ],
      [
        -0.11707668736166799,
        -0.11706847847459027
      ],
      [
        0.7896064077536957,
        0.3837173645764544
      ],
      [
        -0.23473719296747605,
        0.27128002179298233
      ],
      [
        4.768291153593768,
        4.767135123214872
      ],
      [
        5.120981135783017,
        4.043359877671101
      ],
      [
        4.137541083743484,
        4.718856235379514
      ],
      [
        4.493584439832788,
        5.157123666297637
      ],
      [
        4.545987962239394,
        4.293848149332354
      ],
      [
        10.732824384460777,
        -0.11288815024326783
      ],
      [
        10.033764102343962,
        -0.7123740931067284
      ],
      [
        9.72780863773741,
        0.05546129485493304
      ],
      [
        9.42450321128885,
        0.18784900917283598
      ],
      [
        9.699680655040597,
        -0.1458468748966384
      ]
    ],
    "method": "complete",
    "linkage_matrix": [
      [
        12.0,
        14.0,
        0.20326377596443415,
        2.0
      ],
      [
        0.0,
        2.0,
        0.368564414052268,
        2.0
      ],
      [
        13.0,
        15.0,
        0.4325223330588309,
        3.0
      ],
      [
        5.0,
        8.0,
        0.47702708761785734,
        2.0
      ],
      [
        7.0,
        9.0,
        0.5894579932094591,
        2.0
      ],
      [
        4.0,
        16.0,
        0.5909826734357289,
        3.0
      ],
      [
        1.0,
        3.0,
        0.5997210759448405,
        2.0
      ],
      [
        18.0,
        19.0,
        0.8648645832454327,
        4.0
      ],
      [
        10.0,
        11.0,
        0.9209064413522867,
        2.0
      ],
      [
        20.0,
        21.0,
        1.0357898896824207,
        5.0
      ],
      [
        6.0,
        22.0,
        1.2783177973199777,
        5.0
      ],
      [
        17.0,
        23.0,
        1.3424407365778337,
        5.0
      ],
      [
        24.0,
        25.0,
        7.00537642170634,
        10.0
      ],
      [
        26.0,
        27.0,
        10.974287773659217,
        15.0
      ]
    ],
    "labels_3_clusters": [
      2,
      2,
      2,
      2,
      2,
      3,
      3,
      3,
      3,
      3,
      1,
      1,
      1,
      1,
      1
    ],
    "n_leaves": 15,
    "cophenetic_corr": 0.948607468364361
  },
  "hierarchical_average": {
    "data": [
      [
        0.24835707650561634,
        -0.06913215058559233
      ],
      [
        0.32384426905034625,
        0.7615149282040127
      ],
      [
        -0.11707668736166799,
        -0.11706847847459027
      ],
      [
        0.7896064077536957,
        0.3837173645764544
      ],
      [
        -0.23473719296747605,
        0.27128002179298233
      ],
      [
        4.768291153593768,
        4.767135123214872
      ],
      [
        5.120981135783017,
        4.043359877671101
      ],
      [
        4.137541083743484,
        4.718856235379514
      ],
      [
        4.493584439832788,
        5.157123666297637
      ],
      [
        4.545987962239394,
        4.293848149332354
      ],
      [
        10.732824384460777,
        -0.11288815024326783
      ],
      [
        10.033764102343962,
        -0.7123740931067284
      ],
      [
        9.72780863773741,
        0.05546129485493304
      ],
      [
        9.42450321128885,
        0.18784900917283598
      ],
      [
        9.699680655040597,
        -0.1458468748966384
      ]
    ],
    "method": "average",
    "linkage_matrix": [
      [
        12.0,
        14.0,
        0.20326377596443415,
        2.0
      ],
      [
        0.0,
        2.0,
        0.368564414052268,
        2.0
      ],
      [
        13.0,
        15.0,
        0.38173071706323836,
        3.0
      ],
      [
        5.0,
        8.0,
        0.47702708761785734,
        2.0
      ],
      [
        4.0,
        16.0,
        0.4983820414331663,
        3.0
      ],
      [
        7.0,
        9.0,
        0.5894579932094591,
        2.0
      ],
      [
        1.0,
        3.0,
        0.5997210759448405,
        2.0
      ],
      [
        18.0,
        20.0,
        0.6462546312813935,
        4.0
      ],
      [
        11.0,
        17.0,
        0.8570860272966914,
        4.0
      ],
      [
        19.0,
        21.0,
        0.8887129567503728,
        5.0
      ],
      [
        6.0,
        22.0,
        0.9759303345667545,
        5.0
      ],
      [
        10.0,
        23.0,
        1.0790086837119917,
        5.0
      ],
      [
        24.0,
        25.0,
        6.217274205217801,
        10.0
      ],
      [
        26.0,
        27.0,
        8.434655035935002,
        15.0
      ]
    ],
    "labels_3_clusters": [
      2,
      2,
      2,
      2,
      2,
      3,
      3,
      3,
      3,
      3,
      1,
      1,
      1,
      1,
      1
    ],
    "n_leaves": 15,
    "cophenetic_corr": 0.9541600903469931
  },