{
  "pca_rank1": {
    "explained_variance_ratio": [
      1.0,
      3.504443830296468e-32,
      1.3706766168935144e-34
    ],
    "singular_values": [
      33.98529093593286,
      6.362100772537654e-15,
      3.978858495237057e-16
    ],
    "components": [
      [
        0.26726124191242434,
        0.5345224838248486,
        0.8017837257372733
      ],
      [
        0.13893844378137077,
        0.8019810608846797,
        -0.5809668551835764
      ],
      [
        0.9535552094194859,
        -0.26666850632948436,
        -0.1400727322535057
      ]
    ],
    "n": 10,
    "d": 3,
    "note": "Rank-1 data (i, 2i, 3i). First PC should explain ~100%."
  },
  "pca_random_4d": {
    "explained_variance_ratio": [
      0.3427426432359472,
      0.29335042814472423,
      0.22824457164183068,
      0.13566235697749787
    ],
    "singular_values": [
      7.6596562474533725,
      7.0862842980688105,
      6.250653683482769,
      4.8189773815819175
    ],
    "total_variance_ratio": 0.9999999999999999,
    "note": "Random 50\u00d74 data. Variance ratios sum to 1.0"
  },
  "mds_3point_triangle": {
    "dist_matrix": [
      [
        0.0,
        1.0,
        1.0
      ],
      [
        1.0,
        0.0,
        1.4142135623730951
      ],
      [
        1.0,
        1.4142135623730951,
        0.0
      ]
    ],
    "embedding": [
      [
        0.4517173081032514,
        -0.13810006111215792
      ],
      [
        -0.43245254018985246,
        -0.6067051495470422
      ],
      [
        -0.019264767913398907,
        0.7448052106592002
      ]
    ],
    "stress": 1.8147462578227684e-06,
    "note": "3 points forming right triangle. Stress should be ~0 for 2D embedding."
  },
  "mds_collinear_1d": {
    "dist_matrix": [
      [
        0.0,
        1.0,
        2.0,
        3.0
      ],
      [
        1.0,
        0.0,
        1.0,
        2.0
      ],
      [
        2.0,
        1.0,
        0.0,
        1.0
      ],
      [
        3.0,
        2.0,
        1.0,
        0.0
      ]
    ],
    "stress": 4.930380657631324e-32,
    "note": "4 collinear points. 1D MDS stress ~0."
  },
  "nmf_4x3_rank2": {
    "V": [
      [
        3.0,
        1.0,
        0.5
      ],
      [
        0.0,
        2.0,
        1.5
      ],
      [
        1.0,
        0.0,
        3.0
      ],
      [
        2.0,
        1.0,
        0.0
      ]
    ],
    "reconstruction_error": 1.829053020245648,
    "W_nonneg": true,
    "H_nonneg": true,
    "note": "NMF rank-2 of 4\u00d73 matrix. All W,H >= 0."
  },
  "nmf_rank1_exact": {
    "reconstruction_error": 8.81212206892831e-16,
    "note": "Rank-1 NMF of rank-1 data. Error should be ~0."
  }
}