{
  "one_sample_t": {
    "data": [
      5.609434159508862,
      2.920031787519009,
      6.5009023916129145,
      6.881129432782428,
      1.0979296226923272,
      2.395640986275364,
      5.255680806334571,
      4.367514815312836,
      4.966397684991422,
      3.2939121448528397,
      6.758795949725657,
      6.555583870857896,
      5.132061395122432,
      7.254482413936065,
      5.935018684504091,
      3.2814150742335233,
      5.737501568164998,
      3.082234798342002,
      6.756900602614545,
      4.900148178027494,
      4.630275272909479,
      3.6381409111921172,
      7.4450826773480605,
      4.690941035862395,
      4.1433443556737855,
      4.295732899023541,
      6.064618371106698,
      5.730888128728156,
      5.825465223191976,
      5.8616420060157655
    ],
    "mu": 5.0,
    "t_statistic": 0.11856432931649113,
    "p_value": 0.9064379985601991,
    "df": 29.0,
    "cohens_d": 0.021646785894037762,
    "mean": 5.033628241615442,
    "std_sample": 1.5534981396339294
  },
  "two_sample_t": {
    "data1": [
      5.609434159508862,
      2.920031787519009,
      6.5009023916129145,
      6.881129432782428,
      1.0979296226923272,
      2.395640986275364,
      5.255680806334571,
      4.367514815312836,
      4.966397684991422,
      3.2939121448528397,
      6.758795949725657,
      6.555583870857896,
      5.132061395122432,
      7.254482413936065,
      5.935018684504091,
      3.2814150742335233,
      5.737501568164998,
      3.082234798342002,
      6.756900602614545,
      4.900148178027494,
      4.630275272909479,
      3.6381409111921172,
      7.4450826773480605,
      4.690941035862395,
      4.1433443556737855,
      4.295732899023541,
      6.064618371106698,
      5.730888128728156,
      5.825465223191976,
      5.8616420060157655
    ],
    "data2": [
      11.854119002176153,
      5.483962459038461,
      5.219393177321157,
      4.4655681793803055,
      8.03994855643874,
      9.322430731802228,
      6.2151313558628125,
      4.39960880759368,
      4.438796960771901,
      8.126481969561752,
      8.358135428008605,
      7.857885670762988,
      4.836225731778264,
      7.080403307666799,
      6.79171452285182,
      7.046721491822533,
      8.678571944870475,
      7.058988871936705,
      8.197283907679736,
      6.668947673722228,
      7.222798496724961,
      8.07822056459635,
      2.857110450360834,
      5.700821959106746,
      5.324068364268012,
      4.902805379391645,
      5.81214437193329,
      10.23735327808599,
      4.335422210766891,
      8.920695886478702,
      2.2928255709604883,
      5.662787425035563,
      6.906882662762514,
      7.9655558283981955,
      8.278066449482138
    ],
    "t_statistic": -3.657857935695064,
    "p_value": 0.000521128167802535,
    "df": 63.0,
    "cohens_d": -0.9100994733974742
  },
  "welch_t": {
    "data1": [
      5.609434159508862,
      2.920031787519009,
      6.5009023916129145,
      6.881129432782428,
      1.0979296226923272,
      2.395640986275364,
      5.255680806334571,
      4.367514815312836,
      4.966397684991422,
      3.2939121448528397,
      6.758795949725657,
      6.555583870857896,
      5.132061395122432,
      7.254482413936065,
      5.935018684504091,
      3.2814150742335233,
      5.737501568164998,
      3.082234798342002,
      6.756900602614545,
      4.900148178027494,
      4.630275272909479,
      3.6381409111921172,
      7.4450826773480605,
      4.690941035862395,
      4.1433443556737855,
      4.295732899023541,
      6.064618371106698,
      5.730888128728156,
      5.825465223191976,
      5.8616420060157655
    ],
    "data2": [
      11.854119002176153,
      5.483962459038461,
      5.219393177321157,
      4.4655681793803055,
      8.03994855643874,
      9.322430731802228,
      6.2151313558628125,
      4.39960880759368,
      4.438796960771901,
      8.126481969561752,
      8.358135428008605,
      7.857885670762988,
      4.836225731778264,
      7.080403307666799,
      6.79171452285182,
      7.046721491822533,
      8.678571944870475,
      7.058988871936705,
      8.197283907679736,
      6.668947673722228,
      7.222798496724961,
      8.07822056459635,
      2.857110450360834,
      5.700821959106746,
      5.324068364268012,
      4.902805379391645,
      5.81214437193329,
      10.23735327808599,
      4.335422210766891,
      8.920695886478702,
      2.2928255709604883,
      5.662787425035563,
      6.906882662762514,
      7.9655558283981955,
      8.278066449482138
    ],
    "t_statistic": -3.7353339669301113,
    "p_value": 0.0004094740366189028,
    "df": 62.15817562372228
  },
  "paired_t": {
    "data_a": [
      12.380041705599776,
      8.953824783254687,
      8.6129446220063,
      12.573927643771462,
      9.426087025355155,
      6.172941029986235,
      6.600138357989558,
      7.241643141995166,
      11.491482232161292,
      10.427277208211695,
      12.071456062203305,
      8.718242060990397,
      10.475619073230142,
      11.87677118190201,
      9.071960380839284,
      11.370325712672233,
      8.014222176800047,
      8.910838460304785,
      8.854786318005013,
      6.412481063232881,
      11.460917442356745,
      8.591792979391828,
      10.037482356183062,
      11.442239976717726,
      11.339593528089832
    ],
    "data_b": [
      14.545426814572561,
      10.355339298745264,
      9.689646309962146,
      13.994209432865063,
      9.238752591397125,
      6.225828557563148,
      6.7774387456351555,
      7.744396314393684,
      13.39125645888473,
      11.021798152851634,
      13.193293508163915,
      11.517470358776462,
      11.619355102168717,
      14.114286750369097,
      9.638342700829407,
      12.664888154804604,
      8.564200121889465,
      10.071805384404222,
      11.195094455462408,
      6.185160640040532,
      13.395341085902603,
      10.329528581724105,
      10.943332400486268,
      11.496182122329271,
      12.911723035803702
    ],
    "t_statistic": -6.777705951970254,
    "p_value": 5.203023461892486e-07,
    "df": 24.0,
    "mean_diff": 1.1318024222709868,
    "std_diff": 0.8349450612725211
  },
  "one_way_anova": {
    "group_a": [
      4.205760936404296,
      5.349014317032056,
      5.032778218285165,
      7.402668336981373,
      4.640966558790463,
      3.4647537610672026,
      5.268913452434474,
      5.329995025957648,
      7.038781362860655,
      6.252666868871868,
      5.535306588724264,
      7.194954336829342,
      3.2168554185157237,
      4.040372700875379,
      3.6101360878917124,
      4.415285295266348,
      2.934970778665537,
      5.952726420221606,
      4.66666595435184,
      2.7937905582460134
    ],
    "group_b": [
      4.476631378188688,
      6.470270771175293,
      7.257189851841572,
      8.99509633753768,
      10.370793699010994,
      6.621614149913994,
      4.5156928199522035,
      2.801930578903036,
      6.401567193515754,
      4.780588357034511,
      5.376964109730472,
      5.081854801410288,
      5.788813670375422,
      7.598970346181465,
      6.235572851168017,
      5.7620477444419675,
      4.4465193707612825,
      3.4879755829434647,
      5.2705381363900035,
      5.919326173772519,
      8.651894870369825,
      6.195411782209328,
      7.474109266534587,
      5.251056602191272,
      4.222584350374463
    ],
    "group_c": [
      6.052324856651442,
      6.41216090319637,
      10.692704598652746,
      6.267919981163421,
      8.757733805604516,
      6.145609232869461,
      8.897359519311365,
      8.077426449158795,
      7.265043153512864,
      7.438856210796849,
      6.517818456855914,
      8.16910830222312,
      6.81752477948883,
      5.661591354349127,
      5.583093638520571,
      7.758881876583179,
      9.868636884615652,
      7.7399874203601575,
      7.3220425108351765,
      7.9287392094038145,
      9.459002612560237,
      7.829073752045785
    ],
    "f_statistic": 16.302224187284324,