{
  "known_limits": {
    "pi_over_4": 0.7853981633974483,
    "pi_squared_over_6": 1.6449340668482264,
    "ln_2": 0.6931471805599453,
    "exp_neg_1": 0.36787944117144233
  },
  "leibniz_20_terms": {
    "terms": [
      1.0,
      -0.3333333333333333,
      0.2,
      -0.14285714285714285,
      0.1111111111111111,
      -0.09090909090909091,
      0.07692307692307693,
      -0.06666666666666667,
      0.058823529411764705,
      -0.05263157894736842,
      0.047619047619047616,
      -0.043478260869565216,
      0.04,
      -0.037037037037037035,
      0.034482758620689655,
      -0.03225806451612903,
      0.030303030303030304,
      -0.02857142857142857,
      0.02702702702702703,
      -0.02564102564102564
    ],
    "partial_sums": [
      1.0,
      0.6666666666666667,
      0.8666666666666667,
      0.7238095238095239,
      0.8349206349206351,
      0.7440115440115441,
      0.8209346209346211,
      0.7542679542679545,
      0.8130914836797192,
      0.7604599047323508,
      0.8080789523513985,
      0.7646006914818333,
      0.8046006914818333,
      0.7675636544447964,
      0.802046413065486,
      0.769788348549357,
      0.8000913788523872,
      0.7715199502809587,
      0.7985469773079856,
      0.77290595166696
    ],
    "true_limit": 0.7853981633974483,
    "raw_estimate": 0.77290595166696,
    "raw_error": 0.012492211730488312
  },
  "aitken_leibniz": {
    "accelerated": [
      0.7916666666666667,
      0.7833333333333334,
      0.7863095238095239,
      0.784920634920635,
      0.7856782106782109,
      0.7852203352203354,
      0.7855179542679545,
      0.7853137059019414,
      0.7854599047323508,
      0.7853516796241258,
      0.7854340248151667,
      0.7853699222510641,
      0.7854207973019391,
      0.7853797463988194,
      0.785413348549357,
      0.7853854964994461,
      0.7854088391698475,
      0.7853890825711435
    ],
    "best_estimate": 0.7853890825711435,
    "error": 9.080826304797007e-06
  },
  "basel_20_terms": {
    "terms": [
      1.0,
      0.25,
      0.1111111111111111,
      0.0625,
      0.04,
      0.027777777777777776,
      0.02040816326530612,
      0.015625,
      0.012345679012345678,
      0.01,
      0.008264462809917356,
      0.006944444444444444,
      0.005917159763313609,
      0.00510204081632653,
      0.0044444444444444444,
      0.00390625,
      0.0034602076124567475,
      0.0030864197530864196,
      0.002770083102493075,
      0.0025
    ],
    "partial_sums": [
      1.0,
      1.25,
      1.3611111111111112,
      1.4236111111111112,
      1.4636111111111112,
      1.4913888888888889,
      1.511797052154195,
      1.527422052154195,
      1.5397677311665408,
      1.5497677311665408,
      1.558032193976458,
      1.5649766384209025,
      1.5708937981842162,
      1.5759958390005426,
      1.580440283444987,
      1.584346533444987,
      1.587806741057444,
      1.5908931608105303,
      1.5936632439130234,
      1.5961632439130233
    ],
    "true_limit": 1.6449340668482264,
    "raw_estimate": 1.5961632439130233,
    "raw_error": 0.04877082293520307
  },
  "richardson_basel": {
    "approximations": [
      1.4636111111111112,
      1.5497677311665408,
      1.5961632439130233,
      1.6202439630069354
    ],
    "ratio": 2.0,
    "error_order": 1,
    "best_estimate": 1.6449337665969057,
    "true_limit": 1.6449340668482264,
    "error": 3.0025132069511073e-07
  },
  "ln2_20_terms": {
    "terms": [
      1.0,
      -0.5,
      0.3333333333333333,
      -0.25,
      0.2,
      -0.16666666666666666,
      0.14285714285714285,
      -0.125,
      0.1111111111111111,
      -0.1,
      0.09090909090909091,
      -0.08333333333333333,
      0.07692307692307693,
      -0.07142857142857142,
      0.06666666666666667,
      -0.0625,
      0.058823529411764705,
      -0.05555555555555555,
      0.05263157894736842,
      -0.05
    ],
    "partial_sums": [
      1.0,
      0.5,
      0.8333333333333333,
      0.5833333333333333,
      0.7833333333333332,
      0.6166666666666666,
      0.7595238095238095,
      0.6345238095238095,
      0.7456349206349207,
      0.6456349206349207,
      0.7365440115440116,
      0.6532106782106782,
      0.7301337551337552,
      0.6587051837051838,
      0.7253718503718505,
      0.6628718503718505,
      0.7216953797836152,
      0.6661398242280596,
      0.718771403175428,
      0.6687714031754279
    ],
    "true_limit": 0.6931471805599453,
    "raw_estimate": 0.6687714031754279,
    "raw_error": 0.02437577738451735
  },
  "euler_ln2": {
    "euler_5": 0.6937499999999999,
    "euler_10": 0.6931536345598843,
    "euler_15": 0.69314728193932,
    "true_limit": 0.6931471805599453,
    "error_5": 0.0006028194400545805,
    "error_10": 6.4539999390378355e-06,
    "error_15": 1.0137937467291636e-07
  },
  "cesaro_grandi": {
    "partial_sums": [
      1.0,
      0.0,
      1.0,
      0.0,
      1.0,
      0.0,
      1.0,
      0.0,
      1.0,
      0.0,
      1.0,
      0.0,
      1.0,
      0.0,
      1.0,
      0.0,
      1.0,
      0.0,
      1.0,
      0.0
    ],
    "cesaro_means": [
      1.0,
      0.5,
      0.6666666666666666,
      0.5,
      0.6,
      0.5,
      0.5714285714285714,
      0.5,
      0.5555555555555556,
      0.5,
      0.5454545454545454,
      0.5,
      0.5384615384615384,
      0.5,
      0.5333333333333333,
      0.5,
      0.5294117647058824,
      0.5,
      0.5263157894736842,
      0.5
    ],
    "expected_limit": 0.5,
    "final_cesaro": 0.5
  }
}