{
  "correlation_matrix": {
    "data": [
      1.0,
      2.0,
      3.0,
      4.0,
      5.0,
      6.0,
      7.0,
      8.0,
      7.0,
      2.0,
      3.0,
      5.0,
      5.0,
      6.0,
      4.0
    ],
    "n": 5,
    "p": 3,
    "corr": [
      1.0,
      1.0,
      0.728492796385774,
      1.0,
      1.0,
      0.728492796385774,
      0.728492796385774,
      0.728492796385774,
      0.9999999999999999
    ]
  },
  "hotelling_one_sample": {
    "data": [
      1.4967141530112327,
      1.8617356988288154,
      1.6476885381006925,
      3.5230298564080256,
      0.765846625276664,
      1.7658630430508195,
      2.5792128155073915,
      2.767434729152909,
      0.5305256140650478,
      2.5425600435859645,
      0.5365823071875377,
      1.534270246429743,
      1.2419622715660341,
      0.08671975534220211,
      -0.7249178325130328,
      1.4377124707590272,
      -0.012831120334423796,
      2.314247332595274,
      0.0919759244787891,
      0.5876962986647085,
      2.465648768921554,
      1.7742236995134644,
      1.0675282046879238,
      0.5752518137865432,
      0.45561727547481734,
      2.1109225897098662,
      -0.1509935774223028,
      2.375698018345672,
      0.399361310081195,
      1.7083062502067232,
      0.3982933877706031,
      3.852278184508938,
      0.9865027752620661,
      0.9422890710440996,
      1.8225449121031891,
      0.7791563500289778,
      1.2088635950047555,
      0.04032987612022443,
      -0.3281860488984305,
      2.1968612358691235
    ],
    "n": 20,
    "p": 2,
    "mu0": [
      0.0,
      0.0
    ],
    "x_bar": [
      0.823896994966565,
      1.7388293281975564
    ],
    "t2": 76.6465044828607,
    "f_statistic": 36.3062389655656,
    "df1": 2,
    "df2": 18,
    "p_value": 4.816820727837623e-07
  },
  "hotelling_two_sample": {
    "data_x1": [
      -1.0856306033005612,
      0.9973454465835858,
      0.28297849805199204,
      -1.506294713918092,
      -0.5786002519685364,
      1.651436537097151,
      -2.426679243393074,
      -0.42891262885617726,
      1.265936258705534,
      -0.8667404022651017,
      -0.6788861516220543,
      -0.09470896893689112,
      1.4913896261242878,
      -0.638901996684651,
      -0.44398195964606546,
      -0.43435127561851733,
      2.2059300827254558,
      2.1867860889737867,
      1.004053897878877,
      0.386186399174856,
      0.7373685758962422,
      1.490732028150799,
      -0.9358338684023914,
      1.1758290447821034,
      -1.2538806677490124,
      -0.6377515024534103,
      0.9071051958003012,
      -1.428680700225969,
      -0.1400687201886661,
      -0.8617548958596855
    ],
    "data_x2": [
      1.244380629469403,
      -1.7985891054607244,
      -0.271533104509847,
      0.3001227654020827,
      2.4274624317585825,
      0.8263643172097842,
      1.502845915896811,
      1.688222711102285,
      0.6204636569909481,
      1.283627323807291,
      0.6946334819343842,
      -0.7276694941206072,
      1.1091002062448991,
      1.5738058624050577,
      1.8385890509998015,
      0.9881695055211802,
      3.892365265937726,
      1.4129121603087789,
      2.4787360059373467,
      3.2381433384979528,
      0.2059146768387512,
      -0.03878821020495349,
      3.2437122251229304,
      0.20193726475893747,
      1.5296832303033303,
      2.0693159694243484,
      2.390706391293171,
      2.7548861819811092,
      2.9956441370334694,
      2.0693926697057368
    ],
    "n1": 15,
    "n2": 15,
    "p": 2,
    "t2": 16.42573355707213,
    "f_statistic": 7.9195501078740635,
    "df1": 2,
    "df2": 27,
    "p_value": 0.001965921718243946
  },
  "lda": {
    "data": [
      0.22444485207555556,
      0.6615314728168009,
      -0.5797576393675156,
      0.4078113236033132,
      0.4664793666010543,
      -1.9747090997703725,
      0.2755480127569099,
      -1.5758051725247821,
      1.5683969074549804,
      -0.7247950229927627,
      0.3058897173036632,
      1.1639421580118547,
      -1.0490953897219946,
      -0.9765780063564018,
      -0.6390507919448729,
      1.6974292315212949,
      -1.2861153010332989,
      -0.1891615822660321,
      -0.07391266755829484,
      -0.160495373582763,
      -0.10879347747838328,
      -0.6969840142051816,
      -1.0058108078957255,
      -0.3925450491982513,
      -2.1377930993294796,
      1.7609308926081677,
      -0.7741932273769495,
      -0.5302339337597021,
      -0.7935160111283643,
      0.29190242774010955,
      -1.2220053609516903,
      -1.5690377652526322,
      0.3999501586404145,
      -0.04564469331484244,
      -0.9159194312766525,
      1.1189864755530534,
      0.1973812101462098,
      0.27506011209905784,
      -0.8791319096392918,
      -1.0982395211911777,
      4.783229509455846,
      -1.0320643514761956,
      4.831616909884687,
      0.5569388965654234,
      5.812841843268188,
      -0.12711208523253337,
      4.847722484545324,
      0.07095881234377743,
      5.019954257308851,
      -1.1202701088023086,
      3.2727960173334503,
      0.8887605095330348,
      4.562196016383419,
      -0.6416103354540653,
      5.427464040521749,
      0.8305275183419576,
      6.085999780011202,
      -0.13763765815937518,
      3.5930387243262683,
      1.1593481236111935,
      4.008579993659361,
      0.10735109835006149,
      4.45520873656865,
      0.6179102879337605,
      7.908049021204581,
      1.669207800504606,
      5.4938896365585155,
      -0.27222544552859174,
      5.597619851691348,
      -0.10590838827218646,
      4.904230633296133,
      1.4867506100416727,
      4.650199174372097,
      1.194764448346982,
      5.190650300261485,
      -0.09412002246059646,
      4.862357051093859,
      0.18198976483746543,
      5.163846016153644,
      -0.8964477176205892,
      3.104865443507968,
      5.473001085616567,
      3.455840303339452,
      4.150569593974922,
      3.5617739164938618,
      3.2654378669765203,
      1.8073762475855042,
      3.0629479390183896,
      1.5718960319484458,
      3.1639394185474217,
      2.53019524422504,
      3.8656387133878787,
      2.085341680995376,
      4.622945897381898,
      2.2885244519717918,
      5.055979023382648,
      4.090369343805716,
      3.4798003158695767,
      4.391514209472021,
      3.7827982612240167,
      2.4135022711136287,
      4.7790996162324415,
      0.8865480494519775,
      2.759688078410505,
      2.368832131322949,
      3.917326044690441,
      0.7523814753508933,
      4.560538881357484,
      1.9754442195637254,
      4.286829542387498,
      1.9776422372866214,
      5.250713079649338,
      1.671284322999779,
      3.117276101457031,
      0.5636575897127729,
      3.984313659443152,
      3.2627143767186064,
      5.506940408758395,
      2.470503080263885,
      4.487071824652749
    ],
    "labels": [
      0,
      0,
      0,
      0,
      0,
      0,
      0,
      0,
      0,
      0,
      0,
      0,
      0,
      0,
      0,
      0,
      0,
      0,
      0,
      0,
      1,
      1,
      1,
      1,
      1,
      1,
      1,
      1,
      1,
      1,
      1,
      1,
      1,
      1,
      1,
      1,
      1,
      1,
      1,
      1,
      2,
      2,
      2,
      2,
      2,
      2,
      2,
      2,
      2,
      2,
      2,
      2,
      2,
      2,
      2,
      2,
      2,
      2,
      2,
      2
    ],
    "n": 60,
    "p": 2,
    "n_groups": 3,
    "accuracy": 1.0,
    "group_means": [
      -0.4013502444861863,
      -0.12783175702306246,
      5.0235744998949325,
      0.2168555878701747,
      2.361510331356501,
      4.128642767620944
    ],