{
  "weibull_exponential": {
    "k": 1.0,
    "lambda": 1.0,
    "mean": 1.0,
    "var": 1.0,
    "median": 0.6931471805599453,
    "cdf": {
      "0.1": 0.09516258196404044,
      "0.5": 0.3934693402873666,
      "1.0": 0.6321205588285577,
      "2.0": 0.8646647167633873,
      "5.0": 0.9932620530009145
    },
    "pdf": {
      "0.1": 0.9048374180359595,
      "0.5": 0.6065306597126334,
      "1.0": 0.36787944117144233,
      "2.0": 0.1353352832366127,
      "5.0": 0.006737946999085467
    },
    "quantiles": {
      "0.25": 0.2876820724517809,
      "0.50": 0.6931471805599453,
      "0.75": 1.3862943611198906,
      "0.95": 2.99573227355399,
      "0.99": 4.605170185988091
    }
  },
  "weibull_rayleigh_like": {
    "k": 2.0,
    "lambda": 1.0,
    "mean": 0.8862269254527579,
    "var": 0.21460183660255183,
    "median": 0.8325546111576977,
    "cdf": {
      "0.1": 0.009950166250831947,
      "0.5": 0.22119921692859515,
      "1.0": 0.6321205588285577,
      "2.0": 0.9816843611112658,
      "5.0": 0.9999999999861121
    },
    "pdf": {
      "0.1": 0.19800996674983362,
      "0.5": 0.7788007830714049,
      "1.0": 0.7357588823428847,
      "2.0": 0.07326255555493671,
      "5.0": 1.3887943864964022e-10
    },
    "quantiles": {
      "0.25": 0.5363600213026516,
      "0.50": 0.8325546111576977,
      "0.75": 1.1774100225154747,
      "0.95": 1.730818382602285,
      "0.99": 2.145966026289347
    }
  },
  "weibull_heavy_tail": {
    "k": 0.5,
    "lambda": 1.0,
    "mean": 2.0,
    "var": 20.0,
    "median": 0.4804530139182014,
    "cdf": {
      "0.1": 0.2711065858899754,
      "0.5": 0.5069313086047602,
      "1.0": 0.6321205588285577,
      "2.0": 0.7568832655657858,
      "5.0": 0.8931220743396142
    },
    "pdf": {
      "0.1": 1.152481680041995,
      "0.5": 0.34865221527635115,
      "1.0": 0.18393972058572117,
      "2.0": 0.08595474576918094,
      "5.0": 0.023898630707079163
    },
    "quantiles": {
      "0.25": 0.08276097481015171,
      "0.50": 0.4804530139182014,
      "0.75": 1.9218120556728056,
      "0.95": 8.974411854812958,
      "0.99": 21.207592441913587
    }
  },
  "weibull_typical": {
    "k": 3.0,
    "lambda": 2.0,
    "mean": 1.7859590231384979,
    "var": 0.42133153947391655,
    "median": 1.7699940890010355,
    "cdf": {
      "0.1": 0.0001249921878255107,
      "0.5": 0.015503562994591595,
      "1.0": 0.1175030974154046,
      "2.0": 0.6321205588285577,
      "5.0": 0.999999836262287
    },
    "pdf": {
      "0.1": 0.003749531279295655,
      "0.5": 0.09229654096925705,
      "1.0": 0.3309363384692233,
      "2.0": 0.5518191617571635,
      "5.0": 1.535041059928887e-06
    },
    "quantiles": {
      "0.25": 1.3202847142991905,
      "0.50": 1.7699940890010355,
      "0.75": 2.230052810921904,
      "0.95": 2.8831306855809062,
      "0.99": 3.3274526984000987
    }
  },
  "pareto_heavy": {
    "alpha": 1.5,
    "xm": 1.0,
    "mean": 3.0,
    "var": null,
    "cdf": {
      "1.0": 0.0,
      "1.5": 0.45566894604818264,
      "2.0": 0.6464466094067263,
      "5.0": 0.9105572809000084,
      "10.0": 0.9683772233983162
    },
    "pdf": {
      "1.0": 1.5,
      "1.5": 0.5443310539518174,
      "2.0": 0.26516504294495535,
      "5.0": 0.02683281572999748,
      "10.0": 0.004743416490252569
    },
    "quantiles": {
      "0.50": 1.5874010519681994,
      "0.90": 4.641588833612779,
      "0.99": 21.54434690031882
    }
  },
  "pareto_moderate": {
    "alpha": 3.0,
    "xm": 1.0,
    "mean": 1.5,
    "var": 0.75,
    "cdf": {
      "1.0": 0.0,
      "1.5": 0.7037037037037037,
      "2.0": 0.875,
      "5.0": 0.992,
      "10.0": 0.999
    },
    "pdf": {
      "1.0": 3.0,
      "1.5": 0.5925925925925926,
      "2.0": 0.1875,
      "5.0": 0.0048000000000000004,
      "10.0": 0.00030000000000000003
    },
    "quantiles": {
      "0.50": 1.2599210498948732,
      "0.90": 2.154434690031884,
      "0.99": 4.6415888336127775
    }
  },
  "pareto_light": {
    "alpha": 5.0,
    "xm": 2.0,
    "mean": 2.5,
    "var": 0.4166666666666667,
    "cdf": {
      "2.0": 0.0,
      "3.0": 0.868312757201646,
      "4.0": 0.96875,
      "10.0": 0.99968,
      "20.0": 0.99999
    },
    "pdf": {
      "2.0": 2.5,
      "3.0": 0.2194787379972565,
      "4.0": 0.0390625,
      "10.0": 0.00015999999999999999,
      "20.0": 2.4999999999999998e-06
    },
    "quantiles": {
      "0.50": 2.29739670999407,
      "0.90": 3.169786384922227,
      "0.99": 5.023772863019159
    }
  },
  "gev_gumbel": {
    "xi": 0.0,
    "loc": 0.0,
    "scale": 1.0,
    "scipy_c": -0.0,
    "mean": 0.5772156649015329,
    "cdf": {
      "-2.0": 0.0006179789893310934,
      "-1.0": 0.06598803584531254,
      "0.0": 0.36787944117144233,
      "1.0": 0.6922006275553464,
      "2.0": 0.8734230184931167,
      "5.0": 0.9932847020678415
    },
    "quantiles": {
      "0.10": -0.8340324452479557,
      "0.50": 0.36651292058166435,
      "0.90": 2.2503673273124454,
      "0.99": 4.600149226776579
    }
  },
  "gev_frechet": {
    "xi": 0.5,
    "loc": 0.0,
    "scale": 1.0,
    "scipy_c": -0.5,
    "mean": 1.5449077018110318,
    "cdf": {
      "-2.0": 0.0,
      "-1.0": 0.01831563888873418,
      "0.0": 0.36787944117144233,
      "1.0": 0.6411803884299546,
      "2.0": 0.7788007830714049,
      "5.0": 0.9216104472977248
    },
    "quantiles": {
      "0.10": -0.6819795420354783,
      "0.50": 0.4022448175728996,
      "0.90": 4.161565249522203,
      "0.99": 17.949853380255412
    }
  },
  "gev_reversed_weibull": {
    "xi": -0.5,
    "loc": 0.0,
    "scale": 1.0,
    "scipy_c": 0.5,
    "mean": 0.227546149094484,
    "cdf": {
      "-2.0": 0.01831563888873418,
      "-1.0": 0.10539922456186433,
      "0.0": 0.36787944117144233,
      "1.0": 0.7788007830714049,
      "2.0": 1.0,
      "5.0": 1.0
    },
    "quantiles": {
      "0.10": -1.0348542587702925,
      "0.50": 0.33489077768460446,
      "0.90": 1.3508143080509973,
      "0.99": 1.7994972733003218
    }
  },
  "nbinom_balanced": {
    "n": 5,
    "p": 0.5,
    "mean": 5.0,
    "var": 10.0,
    "pmf": {
      "0": 0.03125000000000001,
      "1": 0.078125,
      "2": 0.11718750000000001,
      "5": 0.12304687499999992,
      "10": 0.030548095703124986,
      "20": 0.0003166794776916498
    },
    "cdf": {
      "0": 0.03125,
      "1": 0.109375,
      "2": 0.2265625,
      "5": 0.623046875,
      "10": 0.940765380859375,
      "20": 0.9995447397232056
    },
    "quantiles": {
      "0.25": 3,
      "0.50": 4,
      "0.75": 7
    }
  },
  "nbinom_geometric": {
    "n": 1,
    "p": 0.3,
    "mean": 2.3333333333333335,
    "var": 7.777777777777778,
    "pmf": {
      "0": 0.2999999999999999,
      "1": 0.21000000000000005,
      "2": 0.147,
      "5": 0.050421000000000014,
      "10": 0.008474257470000005,
      "20": 0.0002393767988928353
    },
    "cdf": {
      "0": 0.3,
      "1": 0.51,
      "2": 0.657,
      "5": 0.882351,
      "10": 0.98022673257,
      "20": 0.9994414541359167
    },
    "quantiles": {
      "0.25": 0,
      "0.50": 1,
      "0.75": 3
    }
  },
  "nbinom_high_success": {
    "n": 10,
    "p": 0.8,
    "mean": 2.499999999999999,
    "var": 3.1249999999999987,
    "pmf": {
      "0": 0.10737418240000006,
      "1": 0.2147483648,
      "2": 0.23622320128000007,
      "5": 0.06878819621273594,
      "10": 0.0010157068515069115,
      "20": 1.1275893196528378e-08
    },
    "cdf": {
      "0": 0.10737418240000005,
      "1": 0.3221225472000003,
      "2": 0.5583457484800003,
      "5": 0.938948570382336,
      "10": 0.9994365863023398,
      "20": 0.9999999955224422
    },
    "quantiles": {
      "0.25": 1,
      "0.50": 2,
      "0.75": 4
    }
  },
  "hypergeom_typical": {
    "M": 20,
    "n": 7,
    "N": 12,
    "mean": 4.2,
    "var": 1.1494736842105264,
    "pmf": {
      "0": 0.00010319917440660477,
      "1": 0.0043343653250774005,
      "2": 0.047678018575851404,
      "3": 0.19865841073271417,
      "4": 0.3575851393188855,
      "5": 0.2860681114551084,