{
  "two_clusters": {
    "data": [
      0.14901424590336979,
      -0.0414792903513554,
      0.19430656143020775,
      0.45690895692240757,
      -0.07024601241700079,
      -0.07024108708475416,
      0.47376384465221744,
      0.23023041874587263,
      -0.14084231578048562,
      0.1627680130757894,
      -0.13902530784373868,
      -0.13971892607107705,
      0.07258868146981023,
      -0.5739840733973394,
      -0.5174753497539099,
      -0.1686862587722918,
      -0.3038493361003271,
      0.09427419977858216,
      -0.27240722265636325,
      -0.42369111040058743,
      0.4396946306764662,
      -0.06773289014596069,
      0.02025846140637715,
      -0.42742445586403705,
      -0.1633148173575548,
      0.03327677691295983,
      -0.3452980732266908,
      0.11270940550370158,
      -0.1801916069756415,
      -0.08750812493798303,
      -0.18051198366881907,
      0.5556834553526813,
      -0.004049167421380176,
      -0.3173132786867701,
      0.2467634736309567,
      -0.36625309499130665,
      0.06265907850142662,
      -0.5879010371639326,
      -0.3984558146695291,
      0.059058370760737056,
      5.221539973998623,
      5.051410484356992,
      4.965305515283528,
      4.909668891323213,
      4.556443402889772,
      4.784046737481588,
      4.8618083687120635,
      5.317136667865674,
      5.103085486870539,
      4.47108795339118,
      5.097225190818438,
      4.884475315875105,
      4.796923399908213,
      5.183502886652261,
      5.309299856748785,
      5.27938403573486,
      4.748234743033208,
      4.907236287244635,
      5.099379029421069,
      5.292663538136708,
      4.856247728646413,
      4.9443023070008545,
      4.668099507798192,
      4.641138012775799,
      5.243757746718259,
      5.406872008571247,
      4.9783969635259,
      5.301059869367608,
      5.10849080751429,
      4.8064640736184625,
      5.108418681652524,
      5.461410969939791,
      4.989252188267015,
      5.469393096744202,
      4.214076468773077,
      5.246570751312567,
      5.026114120471451,
      4.91029779486024,
      5.027528232960651,
      4.403729325619732
    ],
    "n": 40,
    "d": 2,
    "eps": 1.0,
    "min_samples": 3,
    "labels": [
      0,
      0,
      0,
      0,
      0,
      0,
      0,
      0,
      0,
      0,
      0,
      0,
      0,
      0,
      0,
      0,
      0,
      0,
      0,
      0,
      1,
      1,
      1,
      1,
      1,
      1,
      1,
      1,
      1,
      1,
      1,
      1,
      1,
      1,
      1,
      1,
      1,
      1,
      1,
      1
    ],
    "n_clusters": 2,
    "n_noise": 0
  },
  "three_clusters_noise": {
    "data": [
      -0.042707652810584446,
      0.6171665212744484,
      0.08497858233181026,
      0.39894359347696345,
      -0.04638655531422863,
      -0.020709257739025773,
      0.22655414552337555,
      0.24769399455378663,
      -0.03392076291039688,
      -0.710351278418432,
      -0.05011482978195989,
      0.20561939025382012,
      0.007050032545478844,
      0.13686038384733537,
      0.08114783461992513,
      -0.4305024431599301,
      0.2648451438554307,
      -0.17402449918208115,
      -0.15046959118488196,
      0.1772859883372568,
      -0.21948487513586076,
      0.07852663841146772,
      -0.2567386737047448,
      -0.05625777369092935,
      -0.11204588683048503,
      -0.1385912899976935,
      -0.2449398312613158,
      -0.013536990754020711,
      0.03639833289129564,
      0.27778583385675054,
      3.8278540911160115,
      0.01581093301378836,
      4.6621931760748145,
      0.11754656084221898,
      4.144814028317656,
      0.13000020633190992,
      3.4887124917342875,
      -0.07317241990470665,
      3.358088862614756,
      0.2583967959132174,
      4.510085319291282,
      -0.15863544092977236,
      4.52904337523458,
      -0.3364823482515946,
      3.642419749951288,
      0.1658195753251689,
      3.755205715340316,
      -0.1489940547684775,
      4.325867668992032,
      -0.2924025830034477,
      3.915359254626825,
      -0.03516424498131629,
      4.113564179908245,
      0.21965839415348212,
      3.9689286896149443,
      -0.3596118840472365,
      4.303010672883779,
      0.862608098962267,
      4.246093793084473,
      0.16818345178035035,
      1.8873073402067673,
      3.9243687104077565,
      1.5831159658484657,
      4.185199683056153,
      1.9592638856699256,
      4.386371487032283,
      1.6889016807876727,
      4.409299641293567,
      1.9070130090158237,
      3.816664864322186,
      1.8550682667031237,
      3.8173048937288803,
      1.3734994107058753,
      4.191796599444696,
      2.2322911858002854,
      4.38357082026288,
      2.2115828058032827,
      4.196793214248945,
      1.4964493892745674,
      4.054932960251441,
      1.6600327735319702,
      3.9162742867028113,
      2.418985969754109,
      4.00966583292115,
      1.2159017685239806,
      3.6995267109416927,
      1.829746698085323,
      3.932302591393827,
      2.2814071415909307,
      4.2510352377791305,
      3.535354691895768,
      6.119614698098292,
      -0.8017754560800867,
      -0.19406667872664807,
      5.634094169795629,
      3.9500529383027816,
      2.6479287940850558,
      4.953224682924635,
      4.987807821871464,
      2.993775962291787
    ],
    "n": 50,
    "d": 2,
    "eps": 1.0,
    "min_samples": 3,
    "labels": [
      0,
      0,
      0,
      0,
      0,
      0,
      0,
      0,
      0,
      0,
      0,
      0,
      0,
      0,
      0,
      1,
      1,
      1,
      1,
      1,
      1,
      1,
      1,
      1,
      1,
      1,
      1,
      1,
      1,
      1,
      2,
      2,
      2,
      2,
      2,
      2,
      2,
      2,
      2,
      2,
      2,
      2,
      2,
      2,
      2,
      -1,
      0,
      -1,
      2,
      -1
    ],
    "n_clusters": 3,
    "n_noise": 3
  },
  "single_cluster": {
    "data": [
      -0.32474622292679894,
      -0.020356786454151288,
      -0.36195821965890923,
      0.052530768060333924,
      0.05199053558412316,
      -0.07621727658401699,
      -0.00045797256445341355,
      0.06832303596575971,
      0.17951444914242753,
      -0.07222002285116216,
      0.3312890758636241,
      -0.2378018407959185,
      0.33328570578459504,
      -0.4006878514971072,
      -0.09557454291469417,
      0.2737597139040439,
      0.05163370257138309,
      0.14047037998870124,
      0.17767636885949203,
      0.1444439613793974,
      -0.27642054671935756,
      -0.1986909272943673,
      -0.03389317804341305,
      0.057595968727607985,
      0.05941167482956157,
      -0.03751539444694674,
      -0.0736189082316111,
      0.2901558815684832,
      0.04383779344488859,
      0.08902449293322433,
      -0.042121089628393185,
      -0.10138068290662738,
      0.08001244258510659,
      0.20350253536823537,
      0.24219119334247585,
      0.09063806579220336,
      -0.27111720834134395,
      0.15904516658255272,
      -0.3142388322731913,
      -0.2319573553337827,
      -0.1285277551989409,
      -0.160638307429175,
      0.17971783425609492,
      0.08909547279996977,
      0.12568552656437068,
      -0.13778032987466787,
      0.0299797628440801,
      0.2528532905627885,
      -0.24288379357340478,
      -0.10436228814043502,
      -0.11351230989469772,
      -0.2009380418825436,
      0.039427641785773106,
      0.14535121140402127,
      0.05512694916437242,
      0.02835964754410745,
      0.310515005446059,
      -0.1456086685837523,
      -0.017467940696838963,
      0.2596837225442738
    ],
    "n": 30,
    "d": 2,
    "eps": 1.0,
    "min_samples": 3,
    "labels": [
      0,
      0,
      0,
      0,
      0,
      0,
      0,
      0,
      0,
      0,
      0,
      0,
      0,
      0,
      0,
      0,
      0,
      0,
      0,
      0,
      0,
      0,
      0,
      0,
      0,
      0,
      0,
      0,
      0,
      0
    ],
    "n_clusters": 1,
    "n_noise": 0
  },