{
  "ewma_lambda094": {
    "lambda": 0.94,
    "returns": [
      0.01,
      -0.02,
      0.015,
      -0.005,
      0.03,
      -0.01,
      0.02,
      -0.015
    ],
    "sigma2": [
      0.000296875,
      0.00028506249999999994,
      0.00029195874999999997,
      0.00028794122499999997,
      0.00027216475149999996,
      0.00030983486641,
      0.00029724477442539995,
      0.000303410087959876
    ],
    "note": "EWMA with \u03bb=0.94, backcast initialization"
  },
  "realized_variance_exact": {
    "returns": [
      0.01,
      -0.02,
      0.015,
      -0.005,
      0.03
    ],
    "rv": 0.00165,
    "rvol": 0.040620192023179805,
    "note": "RV = \u03a3r\u00b2, RVol = \u221aRV. Exact."
  },
  "bipower_variation_constant": {
    "constant_return": 0.02,
    "n": 20,
    "mu1_squared": 0.6366197723675814,
    "expected_bpv": 0.011938052083641213,
    "note": "For constant |r|=c: BPV = (n-1)\u00b7c\u00b2/\u03bc\u2081\u00b2. \u03bc\u2081 = \u221a(2/\u03c0)"
  },
  "kyle_lambda_exact": {
    "lambda_true": 0.005,
    "signed_volumes": [
      -1000.0,
      -900.0,
      -800.0,
      -700.0,
      -600.0,
      -500.0,
      -400.0,
      -300.0,
      -200.0,
      -100.0,
      0.0,
      100.0,
      200.0,
      300.0,
      400.0,
      500.0,
      600.0,
      700.0,
      800.0,
      900.0,
      1000.0
    ],
    "price_changes": [
      -5.0,
      -4.5,
      -4.0,
      -3.5,
      -3.0,
      -2.5,
      -2.0,
      -1.5,
      -1.0,
      -0.5,
      0.0,
      0.5,
      1.0,
      1.5,
      2.0,
      2.5,
      3.0,
      3.5,
      4.0,
      4.5,
      5.0
    ],
    "note": "Perfect linear: \u03bb = Cov(\u0394P,V)/Var(V) = 0.005 exactly"
  },
  "amihud_exact": {
    "returns": [
      0.02,
      -0.01,
      0.03
    ],
    "volumes": [
      1000000.0,
      2000000.0,
      500000.0
    ],
    "illiquidity": 2.8333333333333332e-08,
    "note": "ILLIQ = (1/n) \u03a3 |r_t|/V_t"
  },
  "annualize_252": {
    "daily_vol": 0.015,
    "trading_days": 252,
    "annual_vol": 0.23811761799581316,
    "note": "\u03c3_annual = \u03c3_daily \u00d7 \u221a252"
  }
}