{
  "normal_n10": {
    "n": 10,
    "distribution": "normal",
    "seed": 52,
    "W": 0.972015773005822,
    "p_value": 0.9088795616022362,
    "reject_005": false,
    "data_first_10": [
      0.5194758406141622,
      -1.2687503807549025,
      0.24042002619621033,
      -0.8039574317979851,
      0.017344099626918144,
      0.3943938309804995,
      1.2791322640527907,
      0.6597363743815395,
      -0.45538087614023215,
      1.4657890264579023
    ],
    "data_mean": 0.20482027736169028,
    "data_std": 0.8658590156839503
  },
  "normal_n20": {
    "n": 20,
    "distribution": "normal",
    "seed": 62,
    "W": 0.9676803633796501,
    "p_value": 0.7053367128013062,
    "reject_005": false,
    "data_first_10": [
      -0.012325426303703134,
      -0.5275810106604252,
      -0.2875911966677515,
      1.1234003822003298,
      -1.422223975115691,
      0.8940255879529379,
      -1.526798717692083,
      0.24040820394220147,
      -0.6420928378947944,
      1.5922022907976452
    ],
    "data_mean": -0.1738713298279295,
    "data_std": 0.856079259413904
  },
  "normal_n30": {
    "n": 30,
    "distribution": "normal",
    "seed": 72,
    "W": 0.9523811062302515,
    "p_value": 0.195723851008208,
    "reject_005": false,
    "data_first_10": [
      0.3185454990658182,
      -0.6795594345054096,
      -2.208388469496472,
      0.5902401627575674,
      1.6747660437710312,
      -1.6659559731443025,
      -0.824338737350097,
      0.5452603422370825,
      0.0011861931811615537,
      -0.7570305222656913
    ],
    "data_mean": 0.04165722950634855,
    "data_std": 1.1421583496468912
  },
  "normal_n50": {
    "n": 50,
    "distribution": "normal",
    "seed": 92,
    "W": 0.9703502457903692,
    "p_value": 0.23915039002496558,
    "reject_005": false,
    "data_first_10": [
      0.2302992417822972,
      0.30794754988457695,
      -0.7363292567459565,
      -2.622998234056542,
      -0.1989461474109076,
      -2.2021873573369675,
      0.6928985014140802,
      -0.09278062403831237,
      0.7779198683748089,
      0.49753825681100333
    ],
    "data_mean": -0.13620517897807458,
    "data_std": 1.028028052984566
  },
  "normal_n100": {
    "n": 100,
    "distribution": "normal",
    "seed": 142,
    "W": 0.9827206979124647,
    "p_value": 0.2152749737677559,
    "reject_005": false,
    "data_first_10": [
      0.12973963528551288,
      0.9023618613414525,
      1.0058038705981889,
      0.47189025740385976,
      -0.32621321697611017,
      -0.2626502024743132,
      -0.3688772109188953,
      1.4787410998252237,
      1.299380583190957,
      -0.5255262680843138
    ],
    "data_mean": 0.03237888544434045,
    "data_std": 1.1349291196278992
  },
  "normal_n500": {
    "n": 500,
    "distribution": "normal",
    "seed": 542,
    "W": 0.9974649060785923,
    "p_value": 0.649068263623417,
    "reject_005": false,
    "data_first_10": [
      0.21631535597757942,
      -0.4013761551263266,
      1.3869193033049547,
      0.0436884130775581,
      -1.5432827554538893,
      0.6208045727079315,
      0.3434081773261296,
      0.13863767071485722,
      -0.8075717880356242,
      1.582619448230163
    ],
    "data_mean": -0.03267343324952703,
    "data_std": 0.9786983920651028
  },
  "normal_n1000": {
    "n": 1000,
    "distribution": "normal",
    "seed": 1042,
    "W": 0.9989856180401776,
    "p_value": 0.8656631421827726,
    "reject_005": false,
    "data_first_10": [
      -0.8526478029093212,
      -0.431496486721592,
      -0.38431140041545075,
      0.3639313606540916,
      -0.14186254888950756,
      0.39032766100203486,
      0.4507176193524033,
      -0.879704163672413,
      -0.11478367979999975,
      0.29576846547602287
    ],
    "data_mean": -0.02153225765389239,
    "data_std": 0.9826194372678011
  },
  "normal_n5000": {
    "n": 5000,
    "distribution": "normal",
    "seed": 5042,
    "W": 0.9996663792632515,
    "p_value": 0.6044761547078314,
    "reject_005": false,
    "data_first_10": [
      0.432782598489364,
      1.7569834511422322,
      1.2419150092239106,
      1.6075356987353404,
      -2.193498095928826,
      0.3788256256185937,
      -0.8881992033672375,
      -0.6184665773155857,
      0.4053646879858252,
      0.959624163402707
    ],
    "data_mean": 0.009609157928865986,
    "data_std": 0.9858192149291388
  },
  "uniform_n10": {
    "n": 10,
    "distribution": "uniform",
    "seed": 110,
    "W": 0.9043834240797858,
    "p_value": 0.2445937611579776,
    "reject_005": false,
    "data_first_10": [
      0.11605886230508433,
      0.6584553817461534,
      0.37558898296654386,
      0.6127825815553416,
      0.6794905525204168,
      0.6824631292225899,
      0.9550099959876044,
      0.6372229393917082,
      0.5129436077465067,
      0.08617632884714765
    ]
  },
  "uniform_n20": {
    "n": 20,
    "distribution": "uniform",
    "seed": 120,
    "W": 0.9488851590947323,
    "p_value": 0.3504844098277732,
    "reject_005": false,
    "data_first_10": [
      0.6779555482085757,
      0.5129588022595625,
      0.6237057117039342,
      0.47714246504276625,
      0.4602598140662353,
      0.9508648660726735,
      0.9845755990780409,
      0.8544225458926605,
      0.5910903450777859,
      0.2031963728045595
    ]
  },
  "uniform_n30": {
    "n": 30,
    "distribution": "uniform",
    "seed": 130,
    "W": 0.9270611986979378,
    "p_value": 0.04104819097393944,
    "reject_005": true,
    "data_first_10": [
      0.1416302690767407,
      0.31154436112759,
      0.5547922915643344,
      0.12581141861035738,
      0.49388258048920874,
      0.9211278398605247,
      0.3798450341443613,
      0.1264496514433322,
      0.9987508714571527,
      0.7709235728723577
    ]
  },
  "uniform_n50": {
    "n": 50,
    "distribution": "uniform",
    "seed": 150,
    "W": 0.9556993990850429,
    "p_value": 0.05874641789217267,
    "reject_005": false,
    "data_first_10": [
      0.9085839385674503,
      0.2579716412752475,
      0.8776551443265856,
      0.7389654766699726,
      0.6980765205383733,
      0.517208551210307,
      0.9521096298656102,
      0.9136445196853517,
      0.07817447098310981,
      0.782320528651598
    ]
  },
  "uniform_n100": {
    "n": 100,
    "distribution": "uniform",
    "seed": 200,
    "W": 0.9434891603720527,
    "p_value": 0.0003167488946742055,
    "reject_005": true,
    "data_first_10": [
      0.9476322568516703,
      0.226547421131723,
      0.5944201443911326,
      0.42830868492969476,
      0.76414068655387,
      0.00286059168094277,
      0.3574236812873617,
      0.9096948856639084,
      0.4560809854582528,
      0.9818027091583286
    ]
  },
  "uniform_n500": {
    "n": 500,
    "distribution": "uniform",
    "seed": 600,
    "W": 0.9515625475716669,
    "p_value": 9.822885120253704e-12,
    "reject_005": true,
    "data_first_10": [
      0.03236727517783888,
      0.5424096630692735,
      0.8029196095360561,
      0.05515940346945036,
      0.38226477515080215,
      0.21097059217164793,
      0.8523514391669044,
      0.11857132218099387,
      0.012618062805390795,
      0.11815137789426111
    ]
  },
  "uniform_n1000": {
    "n": 1000,
    "distribution": "uniform",
    "seed": 1100,
    "W": 0.9537728819562257,
    "p_value": 3.3549723621114727e-17,
    "reject_005": true,
    "data_first_10": [
      0.17244324755730744,
      0.4909465132361145,
      0.2927636481939774,
      0.8144306894210062,
      0.1497863466249727,
      0.7110588445791406,
      0.3267213528169066,
      0.37069933820321965,
      0.46917822968841527,
      0.686729718931132
    ]
  },
  "uniform_n5000": {
    "n": 5000,
    "distribution": "uniform",
    "seed": 5100,
    "W": 0.9554904507422599,
    "p_value": 1.4523149956256261e-36,
    "reject_005": true,